,timestep,iteration_0_avg_dist_timestep,iteration_0_avg_velo_timestep,timestep,iteration_1_avg_dist_timestep,iteration_1_avg_velo_timestep,timestep,iteration_2_avg_dist_timestep,iteration_2_avg_velo_timestep,timestep,iteration_3_avg_dist_timestep,iteration_3_avg_velo_timestep,timestep,iteration_4_avg_dist_timestep,iteration_4_avg_velo_timestep,timestep,iteration_5_avg_dist_timestep,iteration_5_avg_velo_timestep,timestep,iteration_6_avg_dist_timestep,iteration_6_avg_velo_timestep,timestep,iteration_7_avg_dist_timestep,iteration_7_avg_velo_timestep,timestep,iteration_8_avg_dist_timestep,iteration_8_avg_velo_timestep,timestep,iteration_9_avg_dist_timestep,iteration_9_avg_velo_timestep
0,0.0,47.99945873435687,,0.0,47.78686350964042,,0.0,48.16380468209981,,0.0,49.65689532962522,,0.0,49.607807197833516,,0.0,48.842237001916885,,0.0,49.09210526958225,,0.0,48.25723444808208,,0.0,48.52119849938882,,0.0,47.97506319551127,
1,20.0,46.845726368623396,0.10557959899695003,20.0,46.67146204898273,0.10408771734920887,20.0,46.95411307176085,0.10356417682122582,20.0,48.35675980383473,0.10443458512824623,20.0,48.351531880867995,0.1067440408793103,20.0,47.67058847942195,0.10476524773275644,20.0,47.870823196261334,0.10442459416166902,20.0,46.99300767488966,0.10568882597937489,20.0,47.349045067679064,0.1056415808708646,20.0,46.69116725149468,0.10375393471634722
2,40.0,45.68311260387879,0.10438787496796628,40.0,45.5491725968651,0.10362694436348556,40.0,45.73281823107269,0.10212867318643656,40.0,47.009533847161705,0.10435961828610951,40.0,47.130657768877754,0.10534528560005058,40.0,46.50590557631723,0.10445270424057336,40.0,46.641461882671884,0.10419253532746008,40.0,45.72725083450109,0.10437099647081988,40.0,46.1643098626191,0.10443269871333333,40.0,45.42160882486496,0.1044970653047826
3,60.0,44.52799276489261,0.10365707719822852,60.0,44.440105016210474,0.10303074582359419,60.0,44.526035866697185,0.1011400017257114,60.0,45.6804736024578,0.10397010079114258,60.0,45.894760857273326,0.10619304945512939,60.0,45.32042375786174,0.10429005453965659,60.0,45.43508472256835,0.10375037302691581,60.0,44.45310694203503,0.10501939980270873,60.0,44.96580268576304,0.10470681921435106,60.0,44.15639198405696,0.10383530800042143
4,80.0,43.41699602527959,0.1045004282897693,80.0,43.337554659255,0.10443020758722203,80.0,43.29572934540132,0.10111243620606696,80.0,44.40518111378782,0.10382096154126008,80.0,44.67060771619817,0.10659760553588506,80.0,44.12910652022881,0.10322932678684969,80.0,44.098574882921994,0.10271891719091761,80.0,43.18618057219313,0.10593783623135218,80.0,43.77449966161272,0.10528341158389652,80.0,42.895467733193335,0.10310658042977675
5,100.0,42.32944860411505,0.1022486150968201,100.0,42.03696366437788,0.10480830685081548,100.0,42.13685603668204,0.09866976146144348,100.0,43.16154425322719,0.10479245143653543,100.0,43.44743177412915,0.10569626613705994,100.0,42.76216843960855,0.10202321772547408,100.0,42.92182707254887,0.10220281322056854,100.0,41.933185697632005,0.10420777445233807,100.0,42.58033605609981,0.10455411211812068,100.0,41.540468112859536,0.10179810802862266
6,120.0,41.24018586671548,0.10026261504320173,120.0,40.914815451906996,0.10323270944796063,120.0,40.717700388242875,0.09689672735553338,120.0,41.77509835567506,0.10389484222572602,120.0,42.09410517855741,0.1035173999870921,120.0,41.641276411478415,0.10066040731360554,120.0,41.613983096578295,0.10135399093351803,120.0,40.75004505237754,0.10469536784050879,120.0,41.41926197192726,0.10314647335520451,120.0,40.329206403034725,0.10083690747643984
7,140.0,39.88316600251135,0.09903170636059745,140.0,39.65471634496233,0.09948990002080674,140.0,39.5368392530262,0.09529090076659705,140.0,40.427344416613465,0.09968147632415156,140.0,40.95721473945406,0.10342947490974928,140.0,40.36933221795172,0.10003854576248114,140.0,40.3617535959494,0.09950004762971462,140.0,39.58147402132324,0.1027726449019303,140.0,40.33907924381731,0.10192446104229508,140.0,39.090813627252075,0.0970671080957424
8,160.0,38.80478399868081,0.09672408216941564,160.0,38.59254938648615,0.09692745190316164,160.0,38.16722383056561,0.09622324363123734,160.0,39.21784874851332,0.09803090744713099,160.0,39.71969486365166,0.10094846913095026,160.0,39.24429342953222,0.09801062137315104,160.0,39.34074450159013,0.10060527973034145,160.0,38.42574346743668,0.10276342897140868,160.0,39.14036157219755,0.09907771408660696,160.0,37.719575758193436,0.09376133298710483
9,180.0,37.507004977984714,0.09585971419877626,180.0,37.359518213163845,0.09246193785986725,180.0,36.94200417626802,0.09061388122717857,180.0,37.926414342326204,0.09638717503446408,180.0,38.473208005363716,0.09687554180522229,180.0,38.02290141788121,0.0966570195426927,180.0,38.19642660644942,0.09996433802937497,180.0,37.02392780633242,0.10169788341257899,180.0,38.090890459803525,0.09552374032995432,180.0,36.44268595445807,0.09296414913214393
10,200.0,36.43875234052854,0.09277217020069578,200.0,36.31819733929623,0.09073356008101727,200.0,35.83627700405959,0.08790552962065835,200.0,36.69177199471958,0.09341931330071308,200.0,37.37110169030426,0.09542224105620443,200.0,36.82531769350693,0.09407473661213478,200.0,36.89987273120342,0.096552205129606,200.0,35.89544180217863,0.09880223710115274,200.0,36.796909792974795,0.09447500517449324,200.0,35.27815196953014,0.09055038393464412
11,220.0,35.29836889087769,0.09039139402110169,220.0,35.20766521550089,0.08984642284317201,220.0,34.67082256854188,0.0900618591405013,220.0,35.53480808351327,0.09253446432313638,220.0,36.1218398652771,0.09113481993292354,220.0,35.84374213823145,0.09465008963296256,220.0,35.86622401858797,0.091368332826819,220.0,34.60602156665693,0.09375403346662717,220.0,35.70430263118844,0.09412966894716322,220.0,34.08445919387065,0.08698363747853671
12,240.0,34.19610059900356,0.08724845136063122,240.0,34.17554780317092,0.08811400862461721,240.0,33.633290715950665,0.08566877832865494,240.0,34.32867095439245,0.08743007680481267,240.0,34.80470939348855,0.08571547971616442,240.0,34.63484052397634,0.09547287030341832,240.0,34.590451475377634,0.08800969010946784,240.0,33.557657326969625,0.0926226235438098,240.0,34.63880848368476,0.08992750745375565,240.0,32.92897000313796,0.08649470072941293
13,260.0,33.131469583020795,0.08400922523444762,260.0,33.190476744501005,0.08732383287642231,260.0,32.519217277175095,0.07996038525527698,260.0,33.248487844803314,0.08097713726105867,260.0,33.63281401031342,0.08454496189034233,260.0,33.54947788784396,0.09222001683375289,260.0,33.49005229524302,0.08855783200131025,260.0,32.27774703710693,0.08691848537404398,260.0,33.59498280685101,0.08854184801557852,260.0,31.78883319514112,0.08386845874560116
14,280.0,32.08537968566105,0.08092096699465313,280.0,32.19108066140893,0.08417428860723719,280.0,31.256815220407578,0.07379793336043708,280.0,32.09380492974578,0.07752900289688201,280.0,32.71431836092267,0.08451010500417343,280.0,32.63123806621363,0.08769221530327892,280.0,32.553166123419295,0.08584504018043664,280.0,31.111268818717612,0.08261184501408193,280.0,32.575093138627,0.08674817983453724,280.0,30.573596229217802,0.07902218718794053
15,300.0,30.959045966670935,0.07964898670971299,300.0,31.025815418145843,0.07586450424581954,300.0,30.198320470126816,0.07004984744563703,300.0,31.084287455771694,0.07559047885792083,300.0,31.728653662724604,0.08433867868910168,300.0,31.503485285336975,0.08466223809300233,300.0,31.410419103775975,0.08027309999237875,300.0,30.07160337680353,0.07857791896916036,300.0,31.484537881401074,0.08431796584031764,300.0,29.513095747900373,0.07479860513172196
16,320.0,30.001547813487974,0.07778265702334303,320.0,29.940099922236346,0.06890243856628331,320.0,29.246947497476764,0.06521070522651538,320.0,29.969330240291132,0.07392744546417179,320.0,30.631601836938852,0.08080116220163594,320.0,30.444573017662147,0.07932816093319126,320.0,30.42793957598595,0.07609724010005647,320.0,28.977570373249982,0.07509930050242776,320.0,30.439589507648407,0.08237824047902424,320.0,28.443132949515306,0.07062504454012991
17,340.0,29.096357863020806,0.07504303124593127,340.0,29.05872730828768,0.06643832192372302,340.0,28.334096706277432,0.06713228579515362,340.0,28.878635510900235,0.06946461539941831,340.0,29.765245411422946,0.0793611421935926,340.0,29.500329352298117,0.07522025146064054,340.0,29.43879979773377,0.07407577729566482,340.0,27.93151958725324,0.06830407921245725,340.0,29.53904911277647,0.07850647726236501,340.0,27.52172216523653,0.06852014493675272
18,360.0,28.09130557841903,0.07142371791554045,360.0,28.164559745888972,0.06669609966232445,360.0,27.53845558037157,0.0677325270626268,360.0,27.912058289807973,0.06443951784676263,360.0,28.701061963766765,0.07460757497775627,360.0,28.588592346905024,0.07233751440862829,360.0,28.6433955156078,0.07325479882660751,360.0,27.018934756913783,0.06528798124894261,360.0,28.592557619557034,0.07123333545883845,360.0,26.645363916054762,0.06224310597444649
19,380.0,27.223534881901863,0.06684641147731382,380.0,27.328360902071775,0.0638927259195043,380.0,26.719706429583393,0.06457514236733881,380.0,27.00339765549617,0.059793553343566085,380.0,27.6548255516006,0.07067626965565318,380.0,27.634169703040104,0.06876798807306357,380.0,27.64770280136442,0.0697123218388647,380.0,26.299608301969222,0.06278093951100626,380.0,27.66976243081791,0.06826587944369078,380.0,25.743720747088307,0.05687782046155775
20,400.0,26.29071629762739,0.062019113855941485,400.0,26.497625672787933,0.05797998016209006,400.0,25.980268604485428,0.061755019070600325,400.0,26.022721879806237,0.054421672644563136,400.0,26.906597678599574,0.06940664883209548,400.0,26.70759981775795,0.0638468852813766,400.0,26.905161025091775,0.06643265201325485,400.0,25.462136854164577,0.05620039694099649,400.0,26.780171026653445,0.06813557379648909,400.0,24.831289006440194,0.0550844105799706
21,420.0,25.56596252409929,0.0571528863006535,420.0,25.739243289363266,0.054720641041638866,420.0,25.129706390693542,0.05581598337111625,420.0,25.149523880100865,0.0511440187167994,420.0,25.9555018105273,0.06622445136890362,420.0,25.901457594846097,0.060316545281614786,420.0,25.983789698296473,0.06433594232092787,420.0,24.77815906332052,0.054895045992888324,420.0,25.871177043756553,0.06419743961292743,420.0,24.122291205487425,0.05234916098148607
22,440.0,24.796669983207902,0.05689848046144569,440.0,24.787602255719552,0.05064892564296034,440.0,24.43196364986828,0.04974912084794864,440.0,24.335172738077933,0.048421593297906115,440.0,25.14955812734662,0.060556603369150995,440.0,25.18225106206524,0.06055728197713532,440.0,25.399665919882803,0.06335046959082154,440.0,24.13036102740259,0.05235776022700755,440.0,25.10244125642358,0.05930117672454397,440.0,23.649764911605544,0.052472330071228084
23,460.0,24.046306154214612,0.05288867297270526,460.0,24.154881851456377,0.048794852907692414,460.0,23.797173647110526,0.04566738022664326,460.0,23.767568568821392,0.049842877622875564,460.0,24.352952463228274,0.05499095075640225,460.0,24.524963352205827,0.05718750044721819,460.0,24.54829715828001,0.05699876615925615,460.0,23.471844251444516,0.05032654691353641,460.0,24.392426884451528,0.05770931335841607,460.0,22.989597768478617,0.04629752383244886
24,480.0,23.35727631082587,0.05079114573674811,480.0,23.65098237614942,0.05226689811572934,480.0,23.147656813977655,0.042365534758339894,480.0,23.051933473479504,0.05088084538468374,480.0,23.58445376791567,0.05316213565245292,480.0,23.91061960516877,0.05589106942455932,480.0,23.873746128766044,0.05515666821674067,480.0,22.883537343287415,0.04675437300747042,480.0,23.884155362459314,0.05544948990643999,480.0,22.530805067989732,0.04252582494865596
25,500.0,22.88380433756146,0.04968823551697433,500.0,22.985984826023074,0.04784453859223153,500.0,22.55514185680184,0.04095260604281316,500.0,22.514040567038865,0.04730872354890313,500.0,22.982388091484797,0.046753772059327535,500.0,23.35509765361517,0.055054554485675915,500.0,23.2605152564525,0.05584645288577642,500.0,22.33323238448403,0.04011242391190153,500.0,23.209770809317043,0.0510529841476738,500.0,22.054856291188443,0.03820225927758211
26,520.0,22.355419480371733,0.04791863581891087,520.0,22.33381481150422,0.0399550227629052,520.0,22.047399237748348,0.04053939680397066,520.0,21.85658295358327,0.03999100257129878,520.0,22.399951283451568,0.04576569230373441,520.0,22.800319819765956,0.05135565488856315,520.0,22.682422469795025,0.05189718071118223,520.0,21.926455727063793,0.043369781356630686,520.0,22.65807384532373,0.04588311051959701,520.0,21.546149331582782,0.03567615936112919
27,540.0,21.844592595542878,0.04766078176699026,540.0,21.737727788645053,0.035468926836440984,540.0,21.50439736536525,0.037741266451793536,540.0,21.40112755144375,0.03806503994203114,540.0,21.979096132308058,0.04595631442814613,540.0,22.143211099489054,0.04866022048679048,540.0,21.964075589320927,0.04404248861248998,540.0,21.504214199760575,0.04225839864734046,540.0,22.095605051200828,0.044627269747867605,540.0,21.110054693714655,0.03437213667357042
28,560.0,21.459894326795503,0.047078294553854476,560.0,21.360263231474853,0.037456626835759614,560.0,21.134160926031328,0.0326078771623741,560.0,20.933081878701376,0.03814372801669066,560.0,21.503900210694567,0.04302410019719713,560.0,21.59562966265813,0.04094014430678986,560.0,21.46914907401766,0.040030873800462434,560.0,21.079370209547307,0.03770160845853209,560.0,21.619522546899177,0.045418310220738015,560.0,20.731176749574075,0.03188037897243082
29,580.0,21.06595493376809,0.04977627165433415,580.0,21.050057938738824,0.03770456463581776,580.0,20.835631443750845,0.033059003553825406,580.0,20.528687888898002,0.03735204496962504,580.0,21.04337313230285,0.037021562194538234,580.0,21.080899622896926,0.03397737142404643,580.0,20.965685112595,0.03934366295535236,580.0,20.66530424941705,0.035692035634103406,580.0,21.240878440195917,0.04120374192085138,580.0,20.273295587881986,0.030376920744955755
30,600.0,20.76797815991854,0.04575871621913844,600.0,20.649020952466017,0.030565182245187908,600.0,20.55185156193695,0.02918557449349181,600.0,20.259888635062698,0.03775759382915755,600.0,20.661641959326428,0.035751325342428086,600.0,20.75706585095709,0.03137096047608665,600.0,20.638003092750353,0.03649310581570623,600.0,20.383876613993397,0.0330358444687216,600.0,20.968604988600806,0.037906648058721494,600.0,20.05397177549119,0.027742723860878286
31,620.0,20.421865965160794,0.04370161540877136,620.0,20.280925343647535,0.028147554673129013,620.0,20.1778893572162,0.025842061696367935,620.0,20.01091149702837,0.03648666798180953,620.0,20.33477425368234,0.029914309454464997,620.0,20.330790653255725,0.02902113071193934,620.0,20.32031355053077,0.03921200542120028,620.0,20.014284165781703,0.032241997519305746,620.0,20.42001874778616,0.034840533138786114,620.0,19.82529637404944,0.025145053824027087
32,640.0,20.052557301729014,0.037435493911859394,640.0,20.071807475406413,0.029234708207853146,640.0,19.910430252959504,0.025621972424849624,640.0,19.83390716854865,0.03723771177891392,640.0,20.167897202340242,0.029424168318756307,640.0,20.03684932971364,0.03239131124491148,640.0,20.006303105233783,0.036534774683074624,640.0,19.742239904111408,0.030365813615919293,640.0,20.084693140134267,0.03506107001704941,640.0,19.557567888301858,0.021394019681303625
33,660.0,19.761170720665643,0.032441871830437785,660.0,19.874975071728517,0.031090358861622057,660.0,19.733563222673606,0.027050254483597626,660.0,19.567581382415412,0.03168270881531187,660.0,19.906455220552505,0.026325286614304253,660.0,19.818439407478444,0.0295679002008999,660.0,19.61396059523831,0.03258872703347531,660.0,19.589638923511526,0.02936072809218618,660.0,19.959948493083672,0.036057992275193684,660.0,19.32672115128868,0.0182156441967381
34,680.0,19.46472019253103,0.0304456491588747,680.0,19.638677194817163,0.02767689922945677,680.0,19.409439001739074,0.026919663941219682,680.0,19.252328461773622,0.024989627227254996,680.0,19.635447146377917,0.02662262697515181,680.0,19.47394914407967,0.02480832352625436,680.0,19.32651015910017,0.03024599848095357,680.0,19.333082695050607,0.023879811860958836,680.0,19.689587205672883,0.03127290036736244,680.0,19.09115837994133,0.017283241288633712
35,700.0,19.261958538797252,0.028236687109844377,700.0,19.433178824173204,0.028528428408915056,700.0,19.158234178315727,0.020416503157532927,700.0,19.04117558187936,0.023895511533465377,700.0,19.406178032398426,0.024937810896849953,700.0,19.228721030014125,0.027063471251759664,700.0,19.188248218363437,0.03039742296587782,700.0,19.22762884689429,0.021411099444563052,700.0,19.36231216871312,0.028144467688741643,700.0,19.05705984174684,0.01742191356963876
36,720.0,19.106181935558368,0.026774366838498487,720.0,19.35805827243235,0.02809044968671232,720.0,19.00350029720318,0.020471031065446694,720.0,18.919956685259873,0.023764877962115172,720.0,19.25278579413834,0.0244742719769449,720.0,19.157940471029228,0.02702939966557431,720.0,19.120100289015006,0.028362212558530202,720.0,19.109221338021534,0.01983233320417323,720.0,19.231974375482743,0.0295311034448223,720.0,18.99327457980137,0.0184773918886822
37,740.0,18.881855076664568,0.022579402658539544,740.0,19.146329649829767,0.022193567646966096,740.0,18.92692155061071,0.018280175589895458,740.0,18.697286347513025,0.020250304946888648,740.0,19.03760068642565,0.02333025237686178,740.0,18.98211083112792,0.029499693179144554,740.0,18.78081734864796,0.020299312721156457,740.0,19.09005809417306,0.02132307284761492,740.0,19.019017137455293,0.029098787485850167,740.0,18.989712839074443,0.019592473982575
38,760.0,18.724915375601544,0.01904162531832902,760.0,19.033907296513537,0.018258633298910906,760.0,18.799133226821525,0.015024494613322179,760.0,18.611138619991117,0.01705739533142414,760.0,18.82602935615397,0.01909330099400626,760.0,18.859983715234616,0.027976464742576923,760.0,18.64106116470436,0.0207482522382354,760.0,19.081131818746005,0.02027761714986437,760.0,18.861071288561007,0.024691506424866123,760.0,18.946602693201214,0.01762526424247813
39,780.0,18.54679878691974,0.015646495505879394,780.0,18.8705377522709,0.01639555976675136,780.0,18.731103904564403,0.017379733624328753,780.0,18.49072565458583,0.01405279838242013,780.0,18.720279551256073,0.014656938092062798,780.0,18.69201323850796,0.023617009173750172,780.0,18.475557766576312,0.018106069500581988,780.0,18.809589487149992,0.01632675148631106,780.0,18.69502625623994,0.01867523099612264,780.0,18.900812277726644,0.015120293286850292
40,800.0,18.422994077070246,0.018425225319038514,800.0,18.60583089258544,0.012785897968957483,800.0,18.695218192122034,0.019134735227053466,800.0,18.37768292474665,0.013210898712685425,800.0,18.571576175419565,0.01530635415068386,800.0,18.6260075430976,0.026293327259407695,800.0,18.482749498488026,0.017954236786125587,800.0,18.67663338499502,0.014985946135409219,800.0,18.61748319404927,0.01805498205338938,800.0,18.777732745302366,0.015182068494361852
41,820.0,18.263919284559268,0.016709159325634812,820.0,18.613842437565765,0.01590903940028884,820.0,18.613822692036567,0.015953158906278193,820.0,18.40342815651521,0.015658935264637547,820.0,18.599921902354158,0.015074179253651416,820.0,18.45955586567684,0.023090336848127894,820.0,18.349017403319948,0.016538074694978405,820.0,18.608071042583198,0.016257531055654126,820.0,18.347629666337717,0.018275484227731436,820.0,18.658157709183644,0.01579996373202554
42,840.0,18.22163100050253,0.016955890293024082,840.0,18.607166460596595,0.018158300541455785,840.0,18.437249214917472,0.014261795414872137,840.0,18.334891653632567,0.016653065812738253,840.0,18.55359258295853,0.020578321021431173,840.0,18.394316961420678,0.02380684985022446,840.0,18.234539589109698,0.01749278061540247,840.0,18.495373653260053,0.012635670842613266,840.0,18.4130869976771,0.02121344337406582,840.0,18.62479860474374,0.01867678354752185
43,860.0,18.17261945205593,0.014435500501874294,860.0,18.6363144934076,0.022199633087117535,860.0,18.30040562633786,0.013926501635432098,860.0,18.28967478014827,0.014813852450246195,860.0,18.517519661348505,0.020468800966478625,860.0,18.342672809394443,0.023771791877189957,860.0,18.223646110839148,0.018768643400689997,860.0,18.40150030157445,0.010802078959230285,860.0,18.199846821038403,0.017656165358853775,860.0,18.556572898306904,0.01969660760472649
44,880.0,18.194838442955593,0.013248617013146153,880.0,18.56626948656159,0.020511322757853404,880.0,18.193458922392704,0.012441673875673123,880.0,18.186915303516546,0.011995211051093515,880.0,18.459535178216218,0.020283887473085876,880.0,18.18324533777575,0.02127766377287028,880.0,18.237372245857834,0.017349606725414444,880.0,18.356561183961045,0.011225601652329014,880.0,18.1825229926552,0.018269121735045062,880.0,18.494425346396874,0.019674957418178735
45,900.0,18.054765190446744,0.012079798077101123,900.0,18.552714201107655,0.023443059466361296,900.0,18.235380071354637,0.011672152070985903,900.0,18.128856984331055,0.016219964300343212,900.0,18.371472795754954,0.016571643250699566,900.0,18.11870386382018,0.019707262072839616,900.0,18.09491044849361,0.020519466981994652,900.0,18.34005030440738,0.0106970476045082,900.0,18.108644455580297,0.019472666887962578,900.0,18.351137632967266,0.01723823178806396
46,920.0,18.027696889869535,0.01174990406525902,920.0,18.52523487349823,0.021602187424207428,920.0,18.283446141345554,0.014936150232595041,920.0,18.124890392015544,0.015549622161725986,920.0,18.1893180172337,0.014423712678928034,920.0,17.909115212510653,0.021698836843771885,920.0,18.072785948493742,0.024743277747305257,920.0,18.27345062944418,0.012053706743677613,920.0,18.050514319129967,0.019812945298815974,920.0,18.30631801997476,0.016108901527232176
47,940.0,17.939098205443802,0.013226669664137937,940.0,18.345581237448812,0.02123178331528312,940.0,18.181801744371107,0.015644178408489924,940.0,17.9875316167105,0.011836451203679346,940.0,18.011938613476097,0.01242419026014759,940.0,17.87667265158572,0.018427936274796868,940.0,18.065074739217046,0.02632284040292042,940.0,18.192648162639873,0.012791220805907357,940.0,17.931704200395693,0.013907413260110616,940.0,18.114582202023396,0.012261852254267068
48,960.0,17.81364766806196,0.010302039740575182,960.0,18.282104627188904,0.019176528588519492,960.0,18.113455059160017,0.015620316384045652,960.0,17.917417400926908,0.015606125876278649,960.0,18.047065755716776,0.014129928862748048,960.0,17.85524898897588,0.022036541684170907,960.0,17.935284120748143,0.027625696742478306,960.0,18.108132366297262,0.009811001115478144,960.0,17.819051138216988,0.014392704213363921,960.0,17.940247217861483,0.008916278952184767
49,980.0,17.805484822527276,0.008953334742090114,980.0,18.201635172705306,0.01956037395280163,980.0,18.03783760167072,0.014271844041925911,980.0,17.911972400955463,0.0188830228939731,980.0,18.050172895610302,0.014450880380379807,980.0,17.931728138644626,0.02447674874932606,980.0,17.861980769762287,0.024855776010695507,980.0,18.0805360225174,0.011899801112055826,980.0,17.91696034794753,0.017554418454332518,980.0,17.877327301453917,0.006810339485389515
50,1000.0,17.85244570253002,0.011154392209116758,1000.0,18.159420160617014,0.01943807808972225,1000.0,17.951832078418896,0.01274183333879257,1000.0,17.858010186944142,0.01971310137211798,1000.0,17.903255092858778,0.01368177210835108,1000.0,17.823004291800174,0.022480190962932425,1000.0,17.726996784911424,0.02418694816592138,1000.0,18.06471376499314,0.017129871137835824,1000.0,17.937209648021792,0.02189595565204365,1000.0,17.81512974265555,0.006603282505116016
51,1020.0,17.755904193415176,0.009806713956402965,1020.0,18.119676127459222,0.01962534520916748,1020.0,17.95350919988188,0.011874048547195723,1020.0,17.883133217171167,0.022667773747337517,1020.0,18.00253783992643,0.01405047962635748,1020.0,17.642154672858663,0.019354705306151146,1020.0,17.666592073839954,0.02243180774193087,1020.0,18.136056450530557,0.018232967125863486,1020.0,17.873809124874043,0.018969893352911795,1020.0,17.789340689004167,0.0053173022287671635
52,1040.0,17.790118641817358,0.011284456645397145,1040.0,18.043614307198922,0.016378002347224044,1040.0,17.98199840208308,0.010030057325630747,1040.0,17.830250596230986,0.021852832001106978,1040.0,17.967565450459357,0.014771290748317005,1040.0,17.540294581566044,0.014909808229462284,1040.0,17.62385519752681,0.02369803705038517,1040.0,18.12368090086493,0.022185010438067348,1040.0,17.73810144772931,0.02178244705553855,1040.0,17.76452677333319,0.006643494367870563
53,1060.0,17.72464054408875,0.013641565720854051,1060.0,17.89650773873119,0.012700324865604887,1060.0,17.928471492107086,0.010823672022982527,1060.0,17.653280240449252,0.0211092188594853,1060.0,17.810047624402216,0.012898561404572764,1060.0,17.521271458542717,0.02065767608116496,1060.0,17.538426602800044,0.02082842214066645,1060.0,18.10977177867832,0.019083338694539792,1060.0,17.66782414038241,0.020948243107989165,1060.0,17.882986748774382,0.012758922169656848
54,1080.0,17.66289005292498,0.015898010225669338,1080.0,17.815623668266102,0.014486842547607117,1080.0,17.862605529147608,0.010208140690098289,1080.0,17.66023173351084,0.02505837748501669,1080.0,17.712841314981457,0.014303257675435738,1080.0,17.54712851209534,0.021065966986924024,1080.0,17.30697737112938,0.015403654964523186,1080.0,17.91206942755435,0.017183412639706488,1080.0,17.536002882762226,0.022742216601598437,1080.0,17.950284420764373,0.015160396301128047
55,1100.0,17.620022243799777,0.015116040992209421,1100.0,17.782770526662723,0.011964981280759842,1100.0,17.892091989529426,0.010752398995555459,1100.0,17.639121998982525,0.024516275843381605,1100.0,17.854908533952585,0.0222212233043836,1100.0,17.366188873724255,0.015887918935432708,1100.0,17.261123154684554,0.012061618056686037,1100.0,17.73750179573495,0.017721992867587265,1100.0,17.510629000882147,0.026777724736667716,1100.0,17.950892718036233,0.014459659805737952
56,1120.0,17.550326250770294,0.012506823774114521,1120.0,17.716381749523762,0.013338495425792582,1120.0,17.802870500330723,0.011997060505020307,1120.0,17.498565440286423,0.019540897424065076,1120.0,17.777651387154457,0.017659013605635727,1120.0,17.058309865134767,0.010476947270269984,1120.0,17.104711453495455,0.011412937490517727,1120.0,17.60799488664103,0.015402981920104654,1120.0,17.47073170733086,0.02405969824273422,1120.0,17.924135555555104,0.0197818321061467
57,1140.0,17.367160372839297,0.01395033324207537,1140.0,17.69729859230613,0.01289238064090613,1140.0,17.705745880058394,0.01173020082049533,1140.0,17.45622636176878,0.019668040154770774,1140.0,17.61662356786696,0.01819522154736981,1140.0,16.938456060741633,0.010542158197131113,1140.0,17.120790424451272,0.017264289996163088,1140.0,17.500377508373976,0.01569062748189575,1140.0,17.36466420115226,0.02019987823071205,1140.0,18.026233423006904,0.02191672829863507
58,1160.0,17.369755139283498,0.018006698036691055,1160.0,17.59264178693935,0.014251567956130686,1160.0,17.624300242984717,0.013743029715308814,1160.0,17.336855303223402,0.018300291534954126,1160.0,17.517244064026062,0.019979840174830683,1160.0,16.947374652502223,0.00953313098589348,1160.0,17.0087154909162,0.014946380142993735,1160.0,17.487378173033722,0.017220403343955352,1160.0,17.29068961199892,0.021095794636046043,1160.0,17.82851015755018,0.023805277039071655
59,1180.0,17.27648531598642,0.01899736591504619,1180.0,17.490117403602486,0.015425125793060273,1180.0,17.64002319949361,0.01362126095357402,1180.0,17.234942472473318,0.02084689323142823,1180.0,17.530681833419663,0.018687252786235925,1180.0,17.00545995541063,0.013366240355867386,1180.0,16.987555063508346,0.01354664511923028,1180.0,17.582189463922578,0.019608871815655182,1180.0,17.224604599538033,0.022731301403841327,1180.0,17.796360607629108,0.025487529271565047
60,1200.0,17.330527314544803,0.017089897482735754,1200.0,17.543763341997742,0.014723492822133404,1200.0,17.54589873866354,0.011416697425580071,1200.0,17.148555014794365,0.021130668135696327,1200.0,17.431577776495203,0.01399720078574639,1200.0,16.933787757770364,0.01193947100855354,1200.0,16.945701008859437,0.01930744752396053,1200.0,17.579720010128007,0.017451175097628703,1200.0,17.13552441364112,0.020090815375383736,1200.0,17.77327892325472,0.02657531976419747
61,1220.0,17.142118475682604,0.012213760398648632,1220.0,17.486797755102213,0.017214340897411074,1220.0,17.524779287549542,0.012239819643986268,1220.0,17.15650805085105,0.02080066811406668,1220.0,17.304752100182235,0.013353499384804379,1220.0,16.913617102923023,0.009698260792226639,1220.0,16.859880501019294,0.02136059135220034,1220.0,17.461257142011746,0.019174545564012317,1220.0,17.040158828018807,0.02343562355210831,1220.0,17.686170734558655,0.028230112538805287
62,1240.0,17.03281316099622,0.008787283510546723,1240.0,17.416563985594745,0.016741902172072106,1240.0,17.483114597426532,0.009025150137484795,1240.0,17.07864170639978,0.017822552299788373,1240.0,17.261658384068262,0.014805418136972748,1240.0,16.778656405962995,0.007898113911666048,1240.0,16.783191139627863,0.018978702221659417,1240.0,17.39728416143713,0.017976055741766715,1240.0,16.877424534944456,0.019175125524177442,1240.0,17.55971217779856,0.028126604933236567
63,1260.0,17.05150425585694,0.010192439900520323,1260.0,17.376268473997,0.014917339654795364,1260.0,17.406292441210514,0.008649146343032514,1260.0,16.908221990984927,0.015526093991352082,1260.0,17.373515228851506,0.01686723181639857,1260.0,16.824401787500324,0.01139187229300535,1260.0,16.658137590820953,0.017379885484741057,1260.0,17.301411132315174,0.01458426473677525,1260.0,16.684598050996964,0.013899590909975142,1260.0,17.409126144078396,0.02042545751148856
64,1280.0,17.01129626588677,0.011542713099195257,1280.0,17.368543601677555,0.01438859631031339,1280.0,17.442456510793125,0.013937795376052423,1280.0,16.768485248694358,0.015615172051571934,1280.0,17.30516571244596,0.012661294060365393,1280.0,16.95081125541412,0.020604934475636105,1280.0,16.681836411053077,0.020518079444132697,1280.0,17.23225453763608,0.016225759778310915,1280.0,16.49337019449093,0.0106142448021171,1280.0,17.31533684881796,0.015366677089196099
65,1300.0,16.980248663933242,0.015016551165812025,1300.0,17.149093245328014,0.013598662337084394,1300.0,17.452665172952326,0.015450127470863693,1300.0,16.74024070642809,0.014423891510173549,1300.0,17.133636598876567,0.011073849956538236,1300.0,16.923185014795422,0.020571166673565438,1300.0,16.445428039547473,0.021439474520230557,1300.0,17.147170556898672,0.014174888871827003,1300.0,16.45693487845522,0.009231910214690808,1300.0,17.286184165817073,0.014261635248448312
66,1320.0,16.811367989044292,0.01251972262062474,1320.0,17.1054337015854,0.011417058898887295,1320.0,17.31576194490877,0.013520415093969604,1320.0,16.59792331629862,0.01329233613595215,1320.0,16.98315343680717,0.008950918644653067,1320.0,16.686937041524818,0.013883574741484677,1320.0,16.45490337188738,0.019599812987811896,1320.0,16.99617004668495,0.010711616215786332,1320.0,16.570171885085912,0.018819121634076553,1320.0,17.182270026370514,0.014436225635748777
67,1340.0,16.797870433104286,0.011478764779715413,1340.0,17.014909485475666,0.014084167181681708,1340.0,17.25019811290077,0.01635037927077989,1340.0,16.553920924172523,0.012546262807357775,1340.0,16.993856960555146,0.011424300695994559,1340.0,16.6376123692901,0.020174532619562934,1340.0,16.41635547172367,0.018355780745975568,1340.0,16.866347725063203,0.009683537020943506,1340.0,16.698663689239353,0.02138025279306925,1340.0,17.07971198267564,0.016167120376805975
68,1360.0,16.707560305911354,0.014778236560382744,1360.0,16.960495369065942,0.012548626758356253,1360.0,17.24457727154874,0.017168355235935517,1360.0,16.451966565206266,0.014521153925969223,1360.0,16.953659676974656,0.012750613929808837,1360.0,16.69518905324585,0.024343019780979313,1360.0,16.320609650830914,0.01816818998434616,1360.0,16.846308433042925,0.01025419395381427,1360.0,16.554026500161495,0.02096482630117899,1360.0,17.026016057427622,0.015106084465544765
69,1380.0,16.835841863482337,0.018323638955500453,1380.0,16.887156729883493,0.016433239633044317,1380.0,17.120234329219986,0.015442455992757047,1380.0,16.55012278721837,0.017058634125609064,1380.0,16.924710996235614,0.009650087155859698,1380.0,16.721364494419287,0.02757677520176697,1380.0,16.352896480190193,0.026479477052887068,1380.0,16.785271127822988,0.01085038316554609,1380.0,16.41047349821712,0.021545988287770868,1380.0,16.901791509083683,0.012718421479901994
70,1400.0,16.87592285751839,0.02564651278826268,1400.0,16.966969473892544,0.021746602395019236,1400.0,17.055228554216136,0.014782466993442453,1400.0,16.550713709681762,0.019492566115951394,1400.0,16.76807049587505,0.007225164333421132,1400.0,16.497734167645106,0.020941966138507705,1400.0,16.326121221733814,0.028607259752869978,1400.0,16.68636009170415,0.014586973826057798,1400.0,16.381574272796335,0.02754162748038502,1400.0,16.776526257357265,0.013519587204215693
71,1420.0,16.727562338595142,0.024335028932284144,1420.0,16.84177805735568,0.0160080584755512,1420.0,17.021712723563862,0.01296646935419087,1420.0,16.481851900137606,0.01623816526303422,1420.0,16.7642169454651,0.005680508875512732,1420.0,16.322023341207633,0.01794504389682305,1420.0,16.089462235836017,0.02501622426309812,1420.0,16.59531000145642,0.015059967842877626,1420.0,16.323727835306865,0.025989621654286747,1420.0,16.809662900217315,0.015310292355898682
72,1440.0,16.72984284458169,0.02681927264830009,1440.0,16.663718414773655,0.013523127731020665,1440.0,16.878546864101562,0.00962807457933302,1440.0,16.32790780637281,0.01160342837715634,1440.0,16.860065999066954,0.010891356105235459,1440.0,16.25943687806921,0.025841456854064575,1440.0,15.975236737217037,0.02708231589134957,1440.0,16.62834333726958,0.017424956494030024,1440.0,16.098952646351783,0.02133568682362788,1440.0,16.626720138958436,0.01478343884832461
73,1460.0,16.581486801384877,0.02354281263060325,1460.0,16.55844826356594,0.01604864712719096,1460.0,16.781224050239977,0.008305687879341111,1460.0,16.168877757677297,0.009381986362780597,1460.0,16.881343722143917,0.013697783847915885,1460.0,16.134204642467356,0.024486333564004998,1460.0,15.902274123037087,0.026323344049904353,1460.0,16.698429221841188,0.016486816027485956,1460.0,15.978362588253619,0.025351420105209712,1460.0,16.611388562858693,0.015737507120914172
74,1480.0,16.465441445316895,0.019399323042030372,1480.0,16.61643292612389,0.02009051831939495,1480.0,16.84875149439032,0.011494098636932227,1480.0,16.175627676576706,0.011148993224603899,1480.0,17.003290762644635,0.0196317202412186,1480.0,15.991463908907251,0.01914982619129194,1480.0,15.744061277736405,0.022028289735713535,1480.0,16.54585366142085,0.013916972736853718,1480.0,15.92715167543861,0.03568002476123739,1480.0,16.393520950752176,0.013704173731754945
75,1500.0,16.371863000024764,0.024211545867314575,1500.0,16.547602659317775,0.018012327772398654,1500.0,16.782529029089734,0.009693850296049506,1500.0,16.219622381910124,0.015274571494229856,1500.0,16.89005710996791,0.016734941011621193,1500.0,15.813076740215939,0.019499393559584202,1500.0,15.742455333887476,0.029843315748591708,1500.0,16.70663444193601,0.0180345697182891,1500.0,16.01825609976647,0.032583220707072896,1500.0,16.47243971984648,0.019479159451660698
76,1520.0,16.33456489891327,0.02825870547955308,1520.0,16.48983742065638,0.02152232536685333,1520.0,16.857267974388193,0.013293692638790707,1520.0,16.199503846346655,0.01759307278318564,1520.0,16.78620478042623,0.01696744270819531,1520.0,15.937774834224435,0.029427821688231787,1520.0,15.73355185706022,0.03135442287884345,1520.0,16.49790036044018,0.01472106244248665,1520.0,15.727572742561698,0.02958996360622068,1520.0,16.392731443461606,0.021180445626598213
77,1540.0,16.156355371105068,0.027614947301950285,1540.0,16.460703551662103,0.020270926176441134,1540.0,16.88522683779167,0.01510948600236052,1540.0,16.228622230066264,0.016587454044528112,1540.0,16.680113202926595,0.01790798769456171,1540.0,15.770849550388407,0.021823863543320582,1540.0,15.567089308664462,0.026760035653786176,1540.0,16.494983249694656,0.018353626365741844,1540.0,15.51708639578614,0.029338257604236244,1540.0,16.306658075427755,0.02478598303125147
78,1560.0,16.22802120880386,0.028353455200775767,1560.0,16.410538524720828,0.023183423690438947,1560.0,16.826458741654065,0.015124651753710333,1560.0,16.141683645679738,0.01549933406493099,1560.0,16.66781584226689,0.019779594464838523,1560.0,15.661184184218774,0.018996600375648015,1560.0,15.41039946782033,0.03214080194608107,1560.0,16.42712806511878,0.02066993254154352,1560.0,15.383098817346342,0.026414154974904416,1560.0,16.245126718414696,0.025152435639065152
79,1580.0,15.979150941215739,0.023265846277757254,1580.0,16.24689588131789,0.023108392525256233,1580.0,16.826801869159752,0.018005330225272703,1580.0,16.072470591479505,0.023255923023111698,1580.0,16.76870439621846,0.023081929160227516,1580.0,15.743944489447534,0.021220623103719406,1580.0,15.384765517800178,0.0350182852513304,1580.0,16.37162324335805,0.022279179121550488,1580.0,15.270293832238048,0.023753576348577676,1580.0,16.109258267534177,0.02011172830184345
80,1600.0,15.848941440146973,0.026428317507471193,1600.0,16.182848296502897,0.019177924161857065,1600.0,16.711622829364785,0.017622460026958026,1600.0,16.143755825166654,0.028711940727260157,1600.0,16.504230106708864,0.013751983317463976,1600.0,15.512997655645522,0.020973826381721104,1600.0,15.301751613960196,0.037326315742860466,1600.0,16.37308947492,0.026609043137294664,1600.0,15.246626733600543,0.021936205817992962,1600.0,15.772837611107398,0.01652038754128661
81,1620.0,15.68636437068116,0.025570837058188044,1620.0,15.918365703252624,0.01682473562266661,1620.0,16.584575628090032,0.020163318216435053,1620.0,16.082590934458572,0.029551950151390564,1620.0,16.4167046338031,0.012546149478913146,1620.0,15.520600200223218,0.020016368073115975,1620.0,15.145654255308624,0.03260636806517707,1620.0,16.365944339978633,0.03073031681242736,1620.0,15.240616650226665,0.019927610395821083,1620.0,15.79230357808198,0.01996534672395606
82,1640.0,15.530651181197173,0.02301763790056949,1640.0,15.884464025621813,0.015569036666590241,1640.0,16.492227410993795,0.021836843740415574,1640.0,15.821241677888645,0.026940097409364025,1640.0,16.259115161263246,0.013002563460026291,1640.0,15.48512768841484,0.02334852221950251,1640.0,14.76929757703783,0.026818175675341126,1640.0,16.163016653643634,0.028323251198755207,1640.0,14.988889268871135,0.01771778252456778,1640.0,15.933810740663837,0.02953622933794794
83,1660.0,15.34314738789703,0.01609969441723404,1660.0,15.72979303351421,0.010621152076357472,1660.0,16.398514900648347,0.025006739628148155,1660.0,15.727913004324721,0.027641854943523912,1660.0,16.34232237434098,0.015699504991888446,1660.0,15.49351793589523,0.03151124117925909,1660.0,14.649471604864987,0.025531928949051118,1660.0,16.003959677496535,0.02713519054430511,1660.0,14.971209569720187,0.017550061831369534,1660.0,15.747100793065107,0.026456690767232276
84,1680.0,15.368352131451369,0.02027458815806293,1680.0,15.845310625738513,0.015526316064767528,1680.0,16.261296318590336,0.019985583035792287,1680.0,15.677782150546204,0.0330041341897314,1680.0,16.263832713292587,0.01741514207106956,1680.0,15.378616099277117,0.03147852719569241,1680.0,14.573639112363635,0.023071839700388667,1680.0,15.85916669750238,0.02717635408317755,1680.0,14.947243543627174,0.019523116745192724,1680.0,15.768222294303749,0.025753727379901965
85,1700.0,15.272870544837286,0.021017533325312615,1700.0,16.038890493130857,0.022402794203815687,1700.0,16.23085681500933,0.0175743247140666,1700.0,15.52246820767692,0.02602390251785143,1700.0,16.251893266677648,0.020389221188210002,1700.0,15.0457739463498,0.0269731662789021,1700.0,14.528570697111594,0.01774407157951944,1700.0,15.77062385515613,0.030326491141824542,1700.0,14.770777856962104,0.01795214480911907,1700.0,15.62485596136482,0.02391939211662661
86,1720.0,15.34106758288494,0.033525417816076,1720.0,15.922360874034737,0.015374110325173145,1720.0,16.02195633830205,0.0166996021991141,1720.0,15.181052098674558,0.025716478757149747,1720.0,16.145628473762397,0.020991935196857093,1720.0,14.862185128209441,0.026516155498182658,1720.0,14.43381022968036,0.015996608751532745,1720.0,15.767112424872476,0.032058525397844775,1720.0,14.67711163274952,0.015692864801503194,1720.0,15.642067875943996,0.028993005662610875
87,1740.0,15.345778258167687,0.03434825987280842,1740.0,15.690551834533021,0.01689782215787113,1740.0,16.02483400466206,0.01945027213637797,1740.0,15.288608960267444,0.033016205204226524,1740.0,16.030009823250325,0.026179153275138017,1740.0,14.663212938511773,0.021400274209098076,1740.0,14.32446576038223,0.012155891282680131,1740.0,15.761489463158252,0.030913834556140413,1740.0,14.68671056989719,0.022378934097344042,1740.0,15.492754894314746,0.031206630789926824
88,1760.0,15.244066168439513,0.030923926071534106,1760.0,15.874193126254726,0.029625921733912267,1760.0,15.997981436184752,0.014507455414392285,1760.0,15.233096240863752,0.03959780629638679,1760.0,16.050206936090458,0.0295100792837423,1760.0,14.591458148758102,0.030617647976607543,1760.0,14.359872334187045,0.01356669044079721,1760.0,15.555526335556182,0.03253898649282622,1760.0,14.549590079960629,0.023661008345958186,1760.0,15.476865015957742,0.03184800838982088
89,1780.0,14.949767054991366,0.028696372636971387,1780.0,15.869579230972851,0.031374063831544834,1780.0,15.983067373991364,0.013750065258373828,1780.0,14.966979196915347,0.03466458940559778,1780.0,16.028128569528448,0.03217759173290892,1780.0,14.744609387949199,0.03899427321458576,1780.0,14.299344866795664,0.0176546482968078,1780.0,15.477121241074405,0.03988858507646753,1780.0,14.3810012306352,0.019319199504890142,1780.0,15.324434812388196,0.028603947950804613
90,1800.0,14.62722369506777,0.03168009558709217,1800.0,15.674316921133904,0.029303181342328215,1800.0,15.778191183072138,0.015814885539411377,1800.0,14.821565191775704,0.03210745869441616,1800.0,15.878404380544996,0.03767032690841546,1800.0,14.521571371381096,0.03634825392788079,1800.0,14.261901786399727,0.0190359893892359,1800.0,15.294039210356331,0.04179008502950116,1800.0,14.402136563874889,0.021277849269940755,1800.0,15.024653019786275,0.0302220032920887
91,1820.0,14.772110217865242,0.03665943281999917,1820.0,15.53832532004715,0.02845011191327803,1820.0,15.733242982824907,0.0177959185144063,1820.0,14.690805572338572,0.03504895412743519,1820.0,15.839832511937917,0.04228379772365335,1820.0,14.26262282323308,0.03270309274628643,1820.0,14.114170954550177,0.01670323774930092,1820.0,15.19691739591542,0.042175682642132985,1820.0,14.343025245778511,0.020305768041280817,1820.0,15.02870965469157,0.031976176734189475
92,1840.0,14.528024075837697,0.038802252840088196,1840.0,15.165766382167039,0.02013082777822613,1840.0,15.771733212016404,0.021020703742713195,1840.0,14.470827722664184,0.02835699128933403,1840.0,15.542704096999703,0.03790166826206122,1840.0,14.168923810279082,0.03553162038064935,1840.0,13.884968338892213,0.018639363540885953,1840.0,14.803694915985233,0.03823908985794391,1840.0,14.33084761532539,0.021636309594665636,1840.0,14.91576201195531,0.03193738177694812
93,1860.0,14.466405454913186,0.035287944841173514,1860.0,15.019136679530424,0.020489805373452276,1860.0,15.742266434032762,0.019736942440894436,1860.0,14.245344055239094,0.018568134281875783,1860.0,15.246253462407672,0.036082315616550946,1860.0,14.114430743459101,0.03429838624910568,1860.0,13.791567074304242,0.013324990488607502,1860.0,14.677388230390909,0.0294686099562793,1860.0,14.37621157215874,0.026063885222078597,1860.0,14.717702119197183,0.03107227201809686
94,1880.0,14.133004615577851,0.031600445423085426,1880.0,14.961709880140397,0.027463687384508696,1880.0,15.554648643312733,0.019633338851634163,1880.0,14.200891856654371,0.01628726925041254,1880.0,15.198694794104776,0.035477778239253084,1880.0,14.075310170649272,0.03462905461670173,1880.0,13.817928872490434,0.015712932096430873,1880.0,14.49125063168824,0.019824050096094118,1880.0,14.310371245512757,0.028499817857261012,1880.0,14.44342831224475,0.03146215688539249
95,1900.0,13.97185594735398,0.02976774417910485,1900.0,14.979044027813318,0.032244971578814695,1900.0,15.383453509827877,0.015883018940113736,1900.0,14.222322755305223,0.015511793407197057,1900.0,15.053925127977337,0.03240593123507289,1900.0,13.792574676635168,0.03421734545964974,1900.0,13.79453572634727,0.015629281877830026,1900.0,14.314230197999667,0.020252786951730297,1900.0,13.934298160906112,0.021648431932529535,1900.0,14.555140137684232,0.034588402326999265
96,1920.0,13.733820523315813,0.02440487666014092,1920.0,14.862902842384909,0.029954417945920696,1920.0,15.456981682245306,0.019451240586311494,1920.0,14.277496323530448,0.018001649294627456,1920.0,14.793041507977382,0.024915169240507348,1920.0,13.617527287227986,0.030247885677132096,1920.0,13.843909969705207,0.01827241571602916,1920.0,14.225005995547553,0.03360428237776972,1920.0,13.854193580453568,0.022817691018719288,1920.0,14.289851455371176,0.03281693406974769
97,1940.0,13.742026070965752,0.02019088091107217,1940.0,14.816658065427577,0.03008828063166404,1940.0,15.442841704568174,0.024355054125421417,1940.0,14.044444627079926,0.01666162843874684,1940.0,14.68207894360009,0.026332311611796447,1940.0,13.595261428148866,0.04241602836915109,1940.0,13.949051540095583,0.026372848633574045,1940.0,14.213458562603634,0.03687446742503982,1940.0,13.87056881915521,0.01854858700169605,1940.0,14.163957609063944,0.031039610472466547
98,1960.0,13.675723792308144,0.030259879660058876,1960.0,14.667052241918283,0.03830255641043442,1960.0,15.341487446907113,0.025747795358916557,1960.0,13.935564204191802,0.01668229949292637,1960.0,14.486048533093467,0.031128153858257422,1960.0,13.530050448619107,0.037685216639781485,1960.0,13.597083059581365,0.02203783382665609,1960.0,13.878887396349846,0.029871613735431735,1960.0,13.869803084784882,0.021705912299474748,1960.0,13.926872394948756,0.021705104417434062
99,1980.0,13.912266103611694,0.029448478914690334,1980.0,14.680674570051291,0.04060177467168582,1980.0,15.17161333559083,0.021821899205617366,1980.0,13.969617676654726,0.017747323381446863,1980.0,14.439944623612842,0.034405661229805706,1980.0,13.340301715660388,0.029870422971158352,1980.0,13.593139552451257,0.02330160945622591,1980.0,13.843620694484363,0.01957824347217905,1980.0,13.862006919031483,0.025209268272949968,1980.0,13.728843679004669,0.022145606186289267
100,2000.0,13.60488784190648,0.020168506431926733,2000.0,14.534907893471958,0.0392912699810546,2000.0,15.153740129945064,0.021657549112962634,2000.0,13.941344888891175,0.019120648714273842,2000.0,14.313599756787628,0.03128213284842803,2000.0,13.119802719780404,0.027876488767650125,2000.0,13.428470518664307,0.022808866407814734,2000.0,13.356357298847916,0.012306863049012703,2000.0,13.58230434931167,0.03182236376225067,2000.0,13.803674967114238,0.02200710683921911
101,2020.0,13.568332476005953,0.031769764001045205,2020.0,14.316188226047812,0.03463330335517147,2020.0,15.029144213552332,0.018365303431046864,2020.0,13.724638268120788,0.01647527732443507,2020.0,14.00389469575691,0.02368067335430291,2020.0,12.942280767101844,0.039650072737276866,2020.0,13.35604364945064,0.023252544252871366,2020.0,13.353640800415647,0.015564311033322314,2020.0,13.520319463845336,0.03252009795718091,2020.0,13.60176052463342,0.017993620506682198
102,2040.0,13.492887609770754,0.03721839608458219,2040.0,13.96660888123128,0.028845593833326202,2040.0,14.900375624837086,0.017042607244617758,2040.0,13.627065007656654,0.015485134115995164,2040.0,14.062315065659885,0.02286114998356152,2040.0,12.824766830169626,0.0406499654724579,2040.0,13.16582599834738,0.019960695075679387,2040.0,13.58556165359672,0.02639537492454777,2040.0,13.154282998768707,0.020607454233575902,2040.0,13.629679246161176,0.021280015322221197
103,2060.0,13.296769465932915,0.03482661170109558,2060.0,14.025808162983555,0.027401009727140917,2060.0,14.861029394359589,0.02242649008942649,2060.0,13.67089920435291,0.024331664431265772,2060.0,13.697438454907292,0.023830797703015272,2060.0,12.713559571362792,0.026051246833215774,2060.0,13.165892299523634,0.019021445829701243,2060.0,13.499196129727544,0.026429155484799113,2060.0,13.187512987339787,0.022926358615662015,2060.0,13.409369013844238,0.025169230374515933
104,2080.0,13.273780442180566,0.026308084078475593,2080.0,13.66407810953858,0.030001928079448816,2080.0,14.740237611784549,0.024898411312653336,2080.0,13.441610122241363,0.01905778581046641,2080.0,13.858208010247484,0.024308869447300215,2080.0,12.876471471048186,0.024708032151914597,2080.0,13.114955145185164,0.020883603783217235,2080.0,13.504936144562413,0.03633479394831129,2080.0,12.876346533593246,0.0270983952517266,2080.0,13.225415001323752,0.025795003187569224
105,2100.0,12.82172511271443,0.02730286449884381,2100.0,13.792511517381898,0.03482020650927876,2100.0,14.715141377924532,0.03201963480888504,2100.0,13.615887519067545,0.020730691226352033,2100.0,13.785150929527964,0.027728958363280043,2100.0,12.422951671692633,0.033775392233246555,2100.0,13.149197172430874,0.023970464500513346,2100.0,13.430840588258933,0.03724580083738202,2100.0,12.903792167036547,0.023172538098294088,2100.0,13.416452685706012,0.033645770329995286
106,2120.0,12.92571693348303,0.029818911858134546,2120.0,13.713444936725658,0.03834715553691325,2120.0,14.623805679368111,0.025486646175955446,2120.0,13.21966398958607,0.015319278085637739,2120.0,13.755076284373827,0.03515243905951918,2120.0,12.665002593444022,0.04266844022624243,2120.0,13.125710060210494,0.017262206196761023,2120.0,13.279673998572704,0.04739087297572996,2120.0,12.960500370586633,0.024147879061106804,2120.0,13.305147506388993,0.032820515103884354
107,2140.0,12.84087489596766,0.03675284652186299,2140.0,13.415687555564663,0.03267401545458962,2140.0,14.578447973060332,0.0218600094257892,2140.0,13.227048526509888,0.015738892655702136,2140.0,13.713770629400283,0.04001598497458112,2140.0,12.524503441627317,0.04385624935001272,2140.0,13.041163952936177,0.019156130139385427,2140.0,13.349656598993203,0.041454724488773485,2140.0,12.779621776718336,0.021893900605962722,2140.0,13.354596863804325,0.04160770009179067
108,2160.0,12.833959686774769,0.03800202389528348,2160.0,13.543398919396884,0.03380666774469882,2160.0,14.251639004042737,0.01563623444888613,2160.0,13.00081864263791,0.014930344509554569,2160.0,13.404361931492183,0.037215511122848766,2160.0,12.375808691173818,0.04864842536264667,2160.0,13.069308492663094,0.022961143439303437,2160.0,13.315736053266859,0.03924968732480794,2160.0,12.781911757394099,0.019521556477324366,2160.0,13.375803447173208,0.04284663864913832
109,2180.0,12.59862492590992,0.03611743962545797,2180.0,13.191725099369009,0.03781619391819629,2180.0,14.29848738326991,0.016372221955366844,2180.0,13.101624152537498,0.021267629843140293,2180.0,13.376307619410394,0.03825953768865664,2180.0,12.231824115373296,0.05226829721534181,2180.0,13.136847762440075,0.023265522586856758,2180.0,13.107280526061677,0.028357789004178593,2180.0,12.420786232097313,0.018991829647929233,2180.0,12.988640895680106,0.041688940443177176
110,2200.0,12.776785430099018,0.045255829159586314,2200.0,13.432298937125948,0.043134218951378235,2200.0,14.20854892117751,0.027912914586626283,2200.0,12.884298860512768,0.01943095064014132,2200.0,13.126029794232242,0.03227104941632436,2200.0,12.155690238229512,0.056369551364220935,2200.0,12.746765716425017,0.01763472464113692,2200.0,12.751911018499783,0.023503183874285172,2200.0,12.21151207739893,0.017992330882410146,2200.0,12.857183319200246,0.034943449755609805
111,2220.0,12.354570064007705,0.04105146299386509,2220.0,13.037542967464088,0.029128593097140488,2220.0,14.1572230398484,0.02917360303248429,2220.0,12.894019927561146,0.016637856959657523,2220.0,12.847761805247695,0.02357600614535646,2220.0,11.711181411935632,0.053602274521281114,2220.0,12.734475374773368,0.0306188547855785,2220.0,12.479176257807387,0.023732441457061746,2220.0,12.415759070675476,0.02934391083967128,2220.0,12.650829863047521,0.038380857238727015
112,2240.0,12.328347501563602,0.05336821352467753,2240.0,12.780633113512982,0.024193763635236683,2240.0,14.068295461985496,0.0290386344073627,2240.0,12.761812071612965,0.02262670919453516,2240.0,12.695544955506515,0.027230744627810055,2240.0,11.143216560845836,0.04740206324037467,2240.0,12.492955671239203,0.03188983680963136,2240.0,12.647796564380554,0.0375563898986263,2240.0,12.382672540032502,0.03177653660294552,2240.0,12.60454376236538,0.036833138095065665
113,2260.0,12.128620522474069,0.051794848423773646,2260.0,12.499698268020923,0.03317252547052258,2260.0,14.03479384176327,0.0313215110146254,2260.0,13.032284961554204,0.02920183330320413,2260.0,12.796887564371419,0.02785924816065376,2260.0,11.32996825391094,0.05003459503833179,2260.0,12.492731758489137,0.02046589214612637,2260.0,12.480177224764619,0.036619462583870936,2260.0,12.424331272909793,0.031249975230553246,2260.0,12.470411434926527,0.03930965437821339
114,2280.0,11.9173802308447,0.044341629892184174,2280.0,12.70935592730505,0.0425921432772037,2280.0,13.991352266362702,0.03415710042814187,2280.0,13.05535438576058,0.041051949923083655,2280.0,12.654985639071748,0.02673287193552272,2280.0,11.001128515750732,0.034259786374966524,2280.0,12.445311385449065,0.021331892585134734,2280.0,12.273947513963167,0.04108533855174455,2280.0,12.257593477260315,0.020465497875927465,2280.0,12.388142176256698,0.05634708376153431
115,2300.0,11.817508172604425,0.053607980684319635,2300.0,12.506871110086175,0.035993763001160486,2300.0,13.963431002903848,0.046673088786505695,2300.0,12.874464963991532,0.04595337407802111,2300.0,12.396509177339237,0.02466367418436323,2300.0,10.593962902888405,0.024224461974082474,2300.0,12.273840035617532,0.025718437915316045,2300.0,12.17761542951351,0.0482816085177255,2300.0,11.98968655472471,0.017199190402491755,2300.0,12.312842324740737,0.05585988147683783
116,2320.0,11.73314078763594,0.05553577938896981,2320.0,11.924272573524801,0.03434726351253873,2320.0,13.666481446479024,0.04114209485970961,2320.0,13.157039264314827,0.05602055725202334,2320.0,12.300558985383114,0.035926754140797844,2320.0,10.364158900950084,0.03667188510999797,2320.0,12.248581851057393,0.020988497926506585,2320.0,12.099184247793652,0.0468260168293927,2320.0,11.855316475493451,0.03181969500388849,2320.0,12.24399434673032,0.052218016887612385
117,2340.0,11.20526041154359,0.04358804044597321,2340.0,12.251144986772514,0.04928783588363107,2340.0,13.586570231541483,0.03988735125721364,2340.0,12.786203248474811,0.052692932298447154,2340.0,12.556676941373446,0.03698828336151847,2340.0,10.773898820454617,0.047662751205356985,2340.0,12.118041562762539,0.01854931755615446,2340.0,11.671380954245558,0.05033116536846572,2340.0,11.804658592522058,0.034694449922451694,2340.0,11.844495127413051,0.044130183484651794
118,2360.0,10.898768387033838,0.04210068694303787,2360.0,12.337741449812746,0.05130440026468623,2360.0,13.19886790815705,0.03272680902924178,2360.0,12.703040780148443,0.05211020974833314,2360.0,12.463855301108168,0.046622701153256875,2360.0,10.665996033161234,0.05392350282428481,2360.0,12.17785965832278,0.027346838211967536,2360.0,11.862151573982574,0.05776261722454551,2360.0,12.11270700794279,0.04419420249081397,2360.0,11.771411641985383,0.050498066952659966
119,2380.0,10.601767942410179,0.04635442395203814,2380.0,12.285800592261541,0.05573535588928051,2380.0,12.972119048993099,0.02789440295767757,2380.0,12.332898468088567,0.0491001866408028,2380.0,12.341238340043143,0.03968326093369661,2380.0,10.535557853900167,0.036364587412459556,2380.0,11.976957647347051,0.038894772419583994,2380.0,11.227109250290912,0.0409256369266954,2380.0,11.586127373238037,0.05130797099643602,2380.0,11.485784921962653,0.051171480619789114
120,2400.0,10.934422065399323,0.054065534899302096,2400.0,11.712870822075086,0.0520333393839011,2400.0,12.824456534197648,0.03267911716850606,2400.0,11.80450986784073,0.04501644940438032,2400.0,11.813809925513484,0.042984034267764794,2400.0,9.99009047970329,0.029438860954447126,2400.0,11.552004074181076,0.038788399597678526,2400.0,11.393755957139126,0.03254851047019252,2400.0,11.510583093685046,0.054910371107267104,2400.0,11.506330785490045,0.045211661707309406
121,2420.0,10.88183877015418,0.04659431554082655,2420.0,11.630617616228498,0.05692451570915773,2420.0,12.917364537512373,0.026648865846375085,2420.0,11.916059273644777,0.04347956410359616,2420.0,12.116677016030566,0.052269592813835385,2420.0,10.156692261289994,0.03423249464039746,2420.0,11.368116363905795,0.03866828459003235,2420.0,11.238838102422886,0.04527658031115244,2420.0,11.526798278816761,0.0489517478074975,2420.0,11.495550589701143,0.050513650000705033
122,2440.0,10.233246522869575,0.048358549134304596,2440.0,11.478093504411737,0.05455365422643425,2440.0,12.682525612220175,0.02068831641758925,2440.0,11.406931006881434,0.04220353071987601,2440.0,11.691777906266344,0.05385871551408375,2440.0,9.878518487405362,0.04366128383841637,2440.0,11.301636487132356,0.04182308949731372,2440.0,11.081150892001947,0.04617906188805547,2440.0,11.407756880552967,0.05674636831604418,2440.0,11.09822087174953,0.05767734407325745
123,2460.0,10.390680680316647,0.04533091288874942,2460.0,11.292355291025922,0.04631087944941875,2460.0,12.464279556588844,0.030089074992277268,2460.0,11.665753605780997,0.057818842374064025,2460.0,11.656337956116857,0.05421599084867197,2460.0,10.256729495434495,0.04023021612012191,2460.0,11.703869894179691,0.054447721748778856,2460.0,10.888771201597272,0.05108738970949456,2460.0,11.26100603624353,0.05732904950208747,2460.0,11.088768645501734,0.06179542232264362
124,2480.0,10.743255119488179,0.054426259801493945,2480.0,10.788150983783998,0.04872099883218353,2480.0,12.603465430646214,0.03924083892531742,2480.0,11.266066604072742,0.05533820799113846,2480.0,11.676203935580931,0.0557598246954505,2480.0,9.936592819186368,0.03028795532951967,2480.0,11.33735464035013,0.04758083786376019,2480.0,10.777580663299762,0.0637365517314861,2480.0,11.023358722673656,0.05173497892704329,2480.0,10.922378169741528,0.056792515962008475
125,2500.0,9.893424548659011,0.06440969763649865,2500.0,11.183876620401657,0.06042909302351773,2500.0,12.622201435724106,0.041277378779915344,2500.0,11.572946978554437,0.05640197764129582,2500.0,11.063843365881738,0.051878292409548055,2500.0,9.717999282078177,0.05309944622312565,2500.0,11.337019017591619,0.05223228123270908,2500.0,10.706820626449328,0.057214265823768186,2500.0,10.188431041089181,0.036735670854848336,2500.0,10.143077749460263,0.052293210953513525
126,2520.0,10.338175166006419,0.057921283373164816,2520.0,10.295846740271397,0.04544091424043693,2520.0,12.58071028987828,0.045039347534031285,2520.0,10.95924507650646,0.057600960464670385,2520.0,11.358074060073122,0.057084515870011066,2520.0,10.045164809651292,0.06131561486896417,2520.0,11.115715681279257,0.06002443928580819,2520.0,10.472648616174064,0.04131560048888147,2520.0,10.527425860706508,0.04099036973170024,2520.0,10.320326889218459,0.04541685309797678
127,2540.0,10.175350230860461,0.06288939177544857,2540.0,10.68889977643083,0.04900045910537952,2540.0,12.182385096592514,0.03651997505500597,2540.0,10.775414810158082,0.046717231221741026,2540.0,10.68856648961821,0.062448569931712064,2540.0,10.569089508265392,0.06413153436065382,2540.0,11.050005356481286,0.06421488146748185,2540.0,9.884335808006155,0.030846774799969934,2540.0,9.987328802581557,0.034409291110562,2540.0,10.036618417503947,0.03739974363470719
128,2560.0,10.357912551973929,0.06666957784689298,2560.0,9.733523340085487,0.03350223645999406,2560.0,11.980603606366225,0.03539844669267749,2560.0,10.752234284863246,0.06267268365275878,2560.0,10.271094107603574,0.05001005299370084,2560.0,9.648599146465742,0.0643819593828491,2560.0,10.292079154839689,0.05468937843635206,2560.0,10.195807688472366,0.043409501222563075,2560.0,9.48555527185765,0.03962823682642881,2560.0,9.645434675409252,0.046302806125484854
129,2580.0,9.925825015860104,0.066112544961336,2580.0,9.905522420707102,0.041614532354554944,2580.0,12.148857846088925,0.04064565744384498,2580.0,10.50962667565116,0.0666682474743061,2580.0,10.674555163522216,0.05959891558746025,2580.0,9.90771158762509,0.07290354612408471,2580.0,10.615036008638814,0.05070474240729308,2580.0,9.767871391964873,0.04647997200389184,2580.0,9.897384164466933,0.051791338288660685,2580.0,10.131532363004895,0.06806471671030949
130,2600.0,9.635677286671925,0.07123083032458094,2600.0,9.675656202575228,0.04828377437919767,2600.0,11.599967870232433,0.03691481877647627,2600.0,10.887048726733934,0.06913674020637789,2600.0,10.055369767387278,0.05763423303781895,2600.0,9.590383762588349,0.06961990260235436,2600.0,9.799599284863994,0.030137048089273206,2600.0,9.51351744619532,0.036620460641502456,2600.0,9.620415280837921,0.055546656524739585,2600.0,9.83294235814293,0.07041466563321828
131,2620.0,9.093272663962601,0.0682123373806457,2620.0,10.060036487402503,0.04879590735496778,2620.0,11.771791503171421,0.03151732124365434,2620.0,10.142981241061204,0.05091239183010809,2620.0,10.342019305562046,0.06280335819072437,2620.0,9.300346588420254,0.05888804357299994,2620.0,9.957685420195904,0.023251953760798617,2620.0,9.726361070240362,0.03223354196175341,2620.0,10.038159005037418,0.039326696687886194,2620.0,9.528902669460493,0.06292763583498288
132,2640.0,9.493588711825922,0.08080489712889577,2640.0,9.785701439981429,0.03899545686747391,2640.0,11.34159919870897,0.023022251827415817,2640.0,9.842650828664869,0.043439462213084,2640.0,9.53343364928574,0.06278046543497746,2640.0,8.512245369638212,0.049262334579051485,2640.0,10.077382403487302,0.021046789405908227,2640.0,9.405173212740284,0.05536305543753459,2640.0,10.492534436395362,0.042415362139493644,2640.0,9.180065110251377,0.06404515337345473
133,2660.0,9.213340979277309,0.07245008449417467,2660.0,9.270845563647296,0.033324353913762164,2660.0,11.510429904887244,0.034091384290319805,2660.0,9.336188212580744,0.04371678741245256,2660.0,10.032438081785424,0.0664876608129698,2660.0,9.255056056202088,0.09015343195435761,2660.0,9.416730418476769,0.026909792434455956,2660.0,9.733091582941437,0.05336292384670283,2660.0,9.430709561899617,0.0513638268826636,2660.0,9.702523504931953,0.06127473423229684
134,2680.0,8.194842992867349,0.07308759424561197,2680.0,9.505738611271529,0.043268333397583535,2680.0,11.355899312951895,0.05054688559229435,2680.0,9.81803860925015,0.05818952183837788,2680.0,9.853770843671317,0.06655126761816221,2680.0,8.720419418624694,0.08441538168640948,2680.0,9.856218711228431,0.05759992873922213,2680.0,9.585393258114221,0.06287353904654233,2680.0,9.84969008716732,0.07195094525074908,2680.0,9.227301411275521,0.07320558460287113
135,2700.0,8.745577560293833,0.06866286792390629,2700.0,9.03070528618658,0.040431688965001114,2700.0,11.67601366131001,0.043648826659233836,2700.0,9.665933365536471,0.06193452097619005,2700.0,9.73484605022123,0.07492160197060703,2700.0,9.252704972903187,0.08337813196849998,2700.0,10.302554779520364,0.06176968089284418,2700.0,9.08675159025008,0.06738017399967333,2700.0,9.388432116103825,0.0735745257441179,2700.0,8.599437819042835,0.06927920804161757
136,2720.0,7.922126047530199,0.06395100827184687,2720.0,9.225169426508298,0.047985222172222015,2720.0,11.636523728608458,0.037056454682152885,2720.0,10.264647648163438,0.07349320870519789,2720.0,9.382721168270201,0.06662072319633419,2720.0,8.603096731558646,0.07741759836057645,2720.0,9.49555730105985,0.06725335084247888,2720.0,9.432543360515176,0.0746058879575944,2720.0,9.977206115242222,0.07220451423465317,2720.0,9.053159679956511,0.0826733260085077
137,2740.0,6.732395446106573,0.06674646250432034,2740.0,8.437691159136694,0.04935515595706828,2740.0,10.786776222558133,0.031129634688874697,2740.0,9.88015935182797,0.07729054032087682,2740.0,9.047053333150341,0.06238961715648842,2740.0,6.823577783169152,0.05542668687843853,2740.0,9.876317662355461,0.07163358807011287,2740.0,9.148148348748752,0.07721045933435028,2740.0,9.126070578458396,0.06726642117740919,2740.0,8.81555980482876,0.08384579385503103
138,2760.0,7.321999373108093,0.08953516459419597,2760.0,8.849938782331108,0.07065619712895989,2760.0,10.753169991321139,0.028092277344055266,2760.0,9.40541514894892,0.07572829916599877,2760.0,8.277856749034909,0.054178350368314046,2760.0,7.435479447312836,0.04290719100167478,2760.0,9.50959996572066,0.06875469865126212,2760.0,8.523325845270652,0.07452651609315364,2760.0,9.609685416495932,0.08097731000024078,2760.0,7.848633447093931,0.07779368202679536
139,2780.0,7.974438894746014,0.0900564358412386,2780.0,9.353826170680001,0.06690878469666367,2780.0,10.277871600439639,0.027112873433236002,2780.0,8.788302536923219,0.06646823788169463,2780.0,8.565532743829419,0.06415924275151903,2780.0,8.285200805950973,0.05919134139201226,2780.0,8.766913590622721,0.06808467692592793,2780.0,9.209148924765744,0.06972777370124943,2780.0,9.338763400254086,0.07868050589194442,2780.0,8.260109619134077,0.07404904969383029
140,2800.0,7.091515898860432,0.07994105173118693,2800.0,9.206992847540787,0.057806896313983405,2800.0,10.395050543539428,0.03495439296250009,2800.0,7.7668488483934395,0.055345473177596104,2800.0,7.543153902990966,0.05194672152651822,2800.0,6.61463130842963,0.07389371947797478,2800.0,9.341579900374025,0.059408886463248316,2800.0,8.85711658333073,0.06736430120094627,2800.0,8.243652767449412,0.07716730030026896,2800.0,7.002609419206861,0.055409100228631034
141,2820.0,7.2925705094810285,0.09845239910087546,2820.0,8.648787483667608,0.05759303094676415,2820.0,10.640113566901265,0.047026531065920196,2820.0,8.355953970879513,0.0797116577438911,2820.0,8.050050366317201,0.05473471592346052,2820.0,7.236280098533776,0.07180386349276549,2820.0,9.030602230944842,0.07114681858596246,2820.0,7.261353898319666,0.060541131333748145,2820.0,8.601552655525088,0.07269907544124776,2820.0,7.968589466456893,0.07093474951518677
142,2840.0,5.616618962619367,0.0996196735090506,2840.0,7.761401946518556,0.0640342831798947,2840.0,10.50049701746751,0.06529299048488559,2840.0,7.405481390196039,0.07066886352947999,2840.0,7.273887050518695,0.07672424216475734,2840.0,7.48272851949051,0.08355099062052045,2840.0,8.640545354592122,0.07203242467671496,2840.0,7.724886230740518,0.06710067253830132,2840.0,8.648591456285724,0.07552369032494266,2840.0,7.11549267019154,0.06998183329284356
143,2860.0,6.062484793399646,0.09951845751059776,2860.0,8.239617069754106,0.07722986556072316,2860.0,10.405346222046155,0.059608657986679754,2860.0,7.900241702592486,0.07396646814520721,2860.0,7.711542605130747,0.07964800802900761,2860.0,5.121204707386638,0.09756180448401686,2860.0,7.956120628175287,0.07723638091448838,2860.0,6.823117050535599,0.0851790241378697,2860.0,7.211936181311105,0.060618483200549814,2860.0,7.429482721156748,0.07672361706248303
144,,,0.07552941562726048,2880.0,7.455398578311858,0.07154486239199748,2880.0,10.410516539922748,0.057993970500059326,2880.0,7.303161033855844,0.05182480263176038,2880.0,8.52360821175292,0.07916715190751072,2880.0,5.083042903850966,0.09868519053645833,2880.0,8.048603264489618,0.08466154611377967,2880.0,7.472775517607853,0.08684313359210556,2880.0,8.205512929046339,0.07862476348609838,2880.0,7.565903649611691,0.08878915209754284
145,,,0.10285991647247932,2900.0,8.270728983828857,0.07336683568213523,2900.0,10.111489749160658,0.04723988901228549,2900.0,8.366410560803207,0.07923358771707754,2900.0,8.835421578439039,0.07825962090196939,2900.0,5.247983508674983,0.09857286733381056,2900.0,8.723566867111538,0.09856030947039778,2900.0,7.7894638923099055,0.08886746361737705,2900.0,6.9898273057038445,0.0720163277905635,2900.0,5.404739260165893,0.10044140994346404
146,,,0.10134699905316605,2920.0,7.485071598661759,0.07546147658826022,2920.0,9.808606948179605,0.0371467133546863,2920.0,7.168497698153149,0.07740319344570833,2920.0,7.315742665186835,0.08531591997619974,,,0.07311626393425825,2920.0,7.299482665834934,0.06843996580497318,2920.0,7.304356300307013,0.08937263919358136,2920.0,7.2023432342973,0.09122441976236251,2920.0,5.641139954702368,0.09929175077022753
147,,,,2940.0,8.179357058897754,0.09193372187521967,2940.0,9.552608564429034,0.05636927907258413,2940.0,7.49008949021404,0.09625625025800151,2940.0,7.681590457707171,0.09836698590785307,,,0.10436606593193203,2940.0,7.426479468035925,0.07760005742387929,2940.0,5.983067838624989,0.08791802456528568,2940.0,7.738609737850596,0.10194145479029876,2940.0,6.15227285406152,0.09945379262668795
148,,,,2960.0,7.322725528424171,0.08642724721251349,2960.0,9.90835805944507,0.06910787666704742,2960.0,8.091667064742794,0.1002623362799233,2960.0,6.6922766844960195,0.08752763808453418,,,,2960.0,7.592443355925947,0.08854765912413555,2960.0,6.243644507059386,0.10030590744708892,2960.0,6.167016806259265,0.09945995114476758,,,0.09322262507242814
149,,,,2980.0,7.806680144129671,0.09709220505546218,2980.0,9.728817981807211,0.07099400338347076,2980.0,6.59753421571084,0.09916514678440994,2980.0,6.932786495808633,0.1018906734236479,,,,2980.0,5.799839324558788,0.0893993785770826,2980.0,6.872339995940655,0.1001468376275721,2980.0,6.704854373354804,0.1002857801456919,,,0.10204993846416748
150,,,,3000.0,6.870899538268179,0.08728656860951811,3000.0,9.28647531154723,0.07131788086585387,3000.0,7.178675914733808,0.10078884436008911,3000.0,7.512634897600713,0.10265719980095409,,,,3000.0,6.017909993835764,0.10015475076968863,,,0.0946553271708529,,,0.07954910201280772,,,
151,,,,3020.0,7.146672948927167,0.10256440309606274,3020.0,8.872748181463798,0.06560951148014761,,,0.09346591637459664,,,0.10306069478040122,,,,3020.0,6.598618418751651,0.09995925865244626,,,0.10166711234228747,,,0.1022597203786203,,,
152,,,,3040.0,7.550207409371413,0.10854470946168981,3040.0,9.30101128156483,0.05875184459413313,,,0.10177171480134731,,,0.10143483577237436,,,,,,0.08606875686129832,,,0.10085392437528644,,,0.10111683640309525,,,
153,,,,,,0.10237401888177444,3060.0,8.655093440609074,0.050088266212981014,,,0.10090836693423791,,,0.10075234755514825,,,,,,0.10206525565203309,,,,,,,,,
154,,,,,,0.1011701757269724,3080.0,7.784499895759912,0.04228440268149685,,,,,,,,,,,,0.1010303780277995,,,,,,,,,
155,,,,,,0.10062311646385935,3100.0,8.63935431222329,0.06840037054198216,,,,,,,,,,,,,,,,,,,,,
156,,,,,,,3120.0,7.916416981676176,0.07845180313353699,,,,,,,,,,,,,,,,,,,,,
157,,,,,,,3140.0,7.908616250249487,0.08197686985568975,,,,,,,,,,,,,,,,,,,,,
158,,,,,,,3160.0,8.46206406357172,0.0942369391281778,,,,,,,,,,,,,,,,,,,,,
159,,,,,,,3180.0,7.008042350393583,0.0647380571352422,,,,,,,,,,,,,,,,,,,,,
160,,,,,,,3200.0,7.3307657990859285,0.07744962469521526,,,,,,,,,,,,,,,,,,,,,
161,,,,,,,3220.0,7.528892802633695,0.08493844297890525,,,,,,,,,,,,,,,,,,,,,
162,,,,,,,3240.0,7.689276788013522,0.09353207618421217,,,,,,,,,,,,,,,,,,,,,
163,,,,,,,3260.0,5.759989244747345,0.09989038843917727,,,,,,,,,,,,,,,,,,,,,
164,,,,,,,3280.0,6.248072336545333,0.09968782295403841,,,,,,,,,,,,,,,,,,,,,
165,,,,,,,,,0.0772938860188324,,,,,,,,,,,,,,,,,,,,,
166,,,,,,,,,0.1025456600147554,,,,,,,,,,,,,,,,,,,,,
167,,,,,,,,,0.1012284730419813,,,,,,,,,,,,,,,,,,,,,
