,timestep,iteration_0_avg_dist_timestep,iteration_0_avg_velo_timestep,timestep,iteration_1_avg_dist_timestep,iteration_1_avg_velo_timestep,timestep,iteration_2_avg_dist_timestep,iteration_2_avg_velo_timestep,timestep,iteration_3_avg_dist_timestep,iteration_3_avg_velo_timestep,timestep,iteration_4_avg_dist_timestep,iteration_4_avg_velo_timestep,timestep,iteration_5_avg_dist_timestep,iteration_5_avg_velo_timestep,timestep,iteration_6_avg_dist_timestep,iteration_6_avg_velo_timestep,timestep,iteration_7_avg_dist_timestep,iteration_7_avg_velo_timestep,timestep,iteration_8_avg_dist_timestep,iteration_8_avg_velo_timestep,timestep,iteration_9_avg_dist_timestep,iteration_9_avg_velo_timestep
0,0.0,48.42640542940721,,0.0,48.615866376726125,,0.0,47.37653040479089,,0.0,48.58926707067709,,0.0,48.270544270556904,,0.0,47.104059950019284,,0.0,45.76631816760063,,0.0,49.129532039102024,,0.0,50.39496232774494,,0.0,48.33157323685322,
1,20.0,47.13887346888061,0.11845190850384525,20.0,47.24795939775908,0.12017593042295839,20.0,45.95397190605681,0.11987267042422185,20.0,47.19970475348544,0.11966561794587256,20.0,46.99557522791998,0.11984162412358627,20.0,45.881129662353004,0.11837756230419028,20.0,44.34895461619995,0.11847958029898152,20.0,47.6810661352955,0.11720853544865797,20.0,49.002060585683076,0.12111329427050158,20.0,46.93909236737741,0.11872188776922021
2,40.0,45.870261959845244,0.11658069665596914,40.0,45.908159093947404,0.11944484029321453,40.0,44.55710463021213,0.11944537239392466,40.0,45.782790715463875,0.12033120411484732,40.0,45.73288794389076,0.11915653233806742,40.0,44.646011754465285,0.11797632538443732,40.0,42.880199363760156,0.11441642881088705,40.0,46.202390893513254,0.11605369148944927,40.0,47.59283860049851,0.12067140147766182,40.0,45.529659401225835,0.11917911310090698
3,60.0,44.609092753379315,0.11816445407060816,60.0,44.59593848758909,0.1192017262000785,60.0,43.16927946496938,0.11901117501788269,60.0,44.37087069103568,0.12015842759088671,60.0,44.44184348182325,0.12077823304896952,60.0,43.422117515305175,0.11808889349338778,60.0,41.41911541542611,0.11039069860552941,60.0,44.76877849843884,0.11650412710444266,60.0,46.20884481389531,0.12002102099183809,60.0,44.118459470141055,0.11904953866337012
4,80.0,43.33439252446565,0.11654099460879697,80.0,43.29163033399263,0.1205611061169116,80.0,41.77148181614921,0.1197557567974867,80.0,42.968088893369426,0.11887059443763365,80.0,43.18843370834722,0.12144108122861409,80.0,42.22984265348155,0.11938047629670737,80.0,39.97200440173066,0.10855926462424022,80.0,43.367917529458836,0.11748100730038515,80.0,44.79430445244512,0.12033005109865397,80.0,42.69693782181435,0.11960233424470924
5,100.0,41.88281574704944,0.11751561223661622,100.0,41.98996953450203,0.11779119169990045,100.0,40.229020487274745,0.1197073736505734,100.0,41.445574062039704,0.11658554192071714,100.0,41.753083648137505,0.12028767427912426,100.0,41.03322846879078,0.11877580480953213,100.0,38.574325636766616,0.1077995466717326,100.0,41.88107096498939,0.11834172336296597,100.0,43.214091054327326,0.12079697760270373,100.0,41.12506706215596,0.12136133046967565
6,120.0,40.42599849955233,0.11779227006659598,120.0,40.53611282908022,0.11591360547584315,120.0,38.889594850925846,0.11810374631812247,120.0,40.10410593833579,0.1143937415669517,120.0,40.505266615177064,0.11920159885519577,120.0,39.689520348151824,0.1166567534466104,120.0,37.13674267552608,0.10568241447998153,120.0,40.36733309488826,0.11581335958506332,120.0,41.802457801552485,0.11909248952994198,120.0,39.73282965740432,0.12073724207041392
7,140.0,39.18970512064765,0.11547686145467276,140.0,39.152361822084956,0.11537969136611366,140.0,37.422942110776866,0.11584288523110316,140.0,38.66318400436973,0.11465554024160686,140.0,38.99274666821063,0.11634003925288484,140.0,38.54662341233311,0.11492190033580282,140.0,35.73082056709833,0.1044443504817667,140.0,38.94119891397965,0.11211349427810602,140.0,40.284572453204895,0.11504830475463404,140.0,38.26079454363203,0.11758185189179958
8,160.0,37.67437283901992,0.11513346795061694,160.0,37.838243776802194,0.11404214807662603,160.0,35.968725907006935,0.11453127408967125,160.0,37.27364235815782,0.11128066371311039,160.0,37.84984326308669,0.11399583537675016,160.0,37.25348188851009,0.11392059500931348,160.0,34.31110263785475,0.09906878052608789,160.0,37.260086616876286,0.10313724874711495,160.0,38.94950555616918,0.11322623623037933,160.0,36.849211372294825,0.11507399376500306
9,180.0,36.348827142320886,0.11502806560158715,180.0,36.54438477186762,0.1116069905859767,180.0,34.60789411351241,0.11191720846211996,180.0,35.90534049993374,0.10959243580705329,180.0,36.575513325447865,0.11182415133106766,180.0,35.979093150744305,0.11206510697271457,180.0,32.96267881139966,0.09386224293452107,180.0,35.71836823267414,0.09572482797391665,180.0,37.49973284736985,0.11068114553067372,180.0,35.483399108132424,0.11093337459658541
10,200.0,35.05026393013812,0.11083439891632946,200.0,35.10940988817181,0.10779688750647015,200.0,33.316438524803516,0.10922556045404883,200.0,34.42444050861061,0.10454659378990988,200.0,35.12888834453183,0.10748004861592848,200.0,34.60593044191789,0.1096046507024552,200.0,31.63990640860325,0.08819626149695564,200.0,34.30644398363458,0.08965817571777773,200.0,36.14095208335556,0.10705184363195427,200.0,34.16884554878865,0.1050445683324733
11,220.0,33.83009111975049,0.10716660374882676,220.0,33.92925538513694,0.10414352058508096,220.0,32.08043141178733,0.10682981351600712,220.0,33.143618047205194,0.1038559877479079,220.0,33.96059334792491,0.10546573576607966,220.0,33.477666210632016,0.105760642823164,220.0,30.370686410737605,0.08214666830703503,220.0,32.95356253866913,0.08544609902744983,220.0,34.78336357754394,0.10349035066331252,220.0,32.85037645921522,0.10126988345001911
12,240.0,32.52796137910262,0.10404448581577899,240.0,32.45415206064452,0.09956934739020862,240.0,30.751891271251125,0.09966600886170368,240.0,31.895723594128583,0.10016421706793266,240.0,32.67989453444937,0.0983096359689962,240.0,32.14940644068509,0.10068822782916645,240.0,29.203514254427738,0.0742188692775975,240.0,31.697078312299222,0.0835614355421608,240.0,33.42503452390047,0.09893064918734665,240.0,31.70178459477876,0.0981646683366295
13,260.0,31.186281093323597,0.09592244024081722,260.0,31.292258554749203,0.09600458135754804,260.0,29.504975770571644,0.09878645514250214,260.0,30.530461258239264,0.0930226664640953,260.0,31.433173708558133,0.09267511517958445,260.0,30.980304709543933,0.0959206015361104,260.0,28.06499045861392,0.07398703363201416,260.0,30.526918409772094,0.0806297217569497,260.0,32.11400710471663,0.09728821812407602,260.0,30.482119157400916,0.09588865096869591
14,280.0,30.059356286625768,0.09269128558013578,280.0,30.041090206230656,0.09208729151344877,280.0,28.437541812210156,0.09419454405109133,280.0,29.380385069464676,0.0890116924120032,280.0,30.11130864154189,0.0868977892301638,280.0,29.665568843603452,0.08943215708862885,280.0,27.08941908848166,0.07018004495718613,280.0,29.302144220401264,0.07514434401030594,280.0,30.815602395986712,0.0887154252611068,280.0,29.423031262112435,0.09116817218906165
15,300.0,28.945615196564727,0.08982051820266307,300.0,28.823247130557924,0.08417369087289976,300.0,27.321372067483935,0.08682609630834767,300.0,28.13612696598663,0.08309997519644002,300.0,28.941690102889044,0.08272128853464587,300.0,28.56872710137747,0.08916886463913708,300.0,25.971599333237865,0.06343162522566329,300.0,28.283319581124427,0.07746244126151829,300.0,29.570380113400525,0.08589734082504198,300.0,28.371200114398242,0.08860547515993451
16,320.0,27.66548985563127,0.08442812672834703,320.0,27.602321481193425,0.07867994539029599,320.0,26.304984498434294,0.0845246714659887,320.0,27.03788861357753,0.07801154569867302,320.0,27.816487823572018,0.07900356448891944,320.0,27.56124540772293,0.08624977064311783,320.0,25.114730614102807,0.06198851899476753,320.0,27.332879675669385,0.07277552510465124,320.0,28.440957545271875,0.08229272332037976,320.0,27.172720502270437,0.0859492764500701
17,340.0,26.544238303000643,0.07880036391435223,340.0,26.646412411309484,0.07766004548637366,340.0,25.37280936600476,0.08055828588790909,340.0,26.03959043049608,0.07563955517760204,340.0,26.880193600857403,0.07713878422453162,340.0,26.560742110932274,0.08555326967473265,340.0,24.269943379708238,0.057330464688996996,340.0,26.177852280583174,0.06808149870364145,340.0,27.33448168271785,0.07478139854263796,340.0,26.20975151330342,0.07927267731886561
18,360.0,25.657815834714246,0.07420844248462459,360.0,25.742593233549673,0.07354308670356251,360.0,24.421164807651714,0.07355496030705003,360.0,25.13002073113125,0.07185909762147526,360.0,26.02643403583167,0.07691973600128929,360.0,25.583206054369075,0.07914172123234121,360.0,23.503194287627466,0.05105555959024806,360.0,25.286304373471168,0.06190194979281302,360.0,26.225885557880854,0.07343708810459956,360.0,25.276942909472034,0.0733407837303372
19,380.0,24.572423970861898,0.06875268897333789,380.0,24.842959228311383,0.07120166074055158,380.0,23.60064406923743,0.06709693118252524,380.0,24.178605215666494,0.06325900514852284,380.0,25.158438913224174,0.06967121805288369,380.0,24.46398725990768,0.06938477094624595,380.0,22.785683712395958,0.053009758861375184,380.0,24.290056320967107,0.05672851306044322,380.0,25.20502715449849,0.06772093802677154,380.0,24.403413616388175,0.066858105248854
20,400.0,23.787870250809412,0.06427835208256948,400.0,23.91607087634031,0.06645628712861965,400.0,22.84055915238367,0.05912920612465621,400.0,23.203408562374406,0.057510462057707885,400.0,24.18206089928034,0.06357315188331497,400.0,23.587179264949636,0.06585353566781778,400.0,22.227931345220412,0.04960568643762316,400.0,23.483698820003223,0.05859431789637094,400.0,24.332148777550692,0.06473729121194952,400.0,23.518591762595022,0.05940529318754848
21,420.0,23.09488671400307,0.06641141702122132,420.0,23.161871099542655,0.06291338420158749,420.0,22.155496836600292,0.05474367145692929,420.0,22.266384015630273,0.05104057611167407,420.0,23.38375572914516,0.06278585371532609,420.0,22.76653097515023,0.06024627742747127,420.0,21.561692596784496,0.04599999856340019,420.0,22.771761369455934,0.05599779570107675,420.0,23.540053016836897,0.0568217219732293,420.0,22.73557195659131,0.05390545959563533
22,440.0,22.3199459800267,0.05948023922353921,440.0,22.305689477906267,0.059499606226105686,440.0,21.46181531612779,0.05116720744632854,440.0,21.627505797935534,0.05023546189017668,440.0,22.6268862729274,0.0569293864938288,440.0,22.13672463686732,0.057135020219560954,440.0,21.02962618469134,0.04206872585497673,440.0,22.168723604799176,0.054779906570326005,440.0,22.642091136412496,0.05321402627963458,440.0,21.917220643108962,0.04904912260679833
23,460.0,21.62811158400422,0.05515520492670806,460.0,21.721596394342445,0.052035262407523195,460.0,20.774369343825004,0.04594608227414509,460.0,21.16168587966137,0.04910170575711823,460.0,21.861457201263093,0.0487766219916833,460.0,21.3894820589593,0.048038367181661774,460.0,20.537645196978197,0.039542575819474304,460.0,21.474626152952453,0.05158618649640457,460.0,22.078085443301806,0.05320830665337126,460.0,21.29191345829704,0.04680096009825068
24,480.0,21.02036011350136,0.05001427948249231,480.0,21.041031379030184,0.044977654183501324,480.0,20.28584341142989,0.042111308243446825,480.0,20.54230371804093,0.04546909965851026,480.0,21.22108003411675,0.049781333780915406,480.0,20.76719951141471,0.04561845696224663,480.0,20.181539710180957,0.03608291757102778,480.0,20.881429085598835,0.043483036219938105,480.0,21.455203649328315,0.049745154447408436,480.0,20.753042027028183,0.0395317722148797
25,500.0,20.449207240889486,0.0490883852585065,500.0,20.536911033740125,0.0402506070076852,500.0,19.829275659155087,0.04237118545472665,500.0,20.02911678457058,0.04195335743509629,500.0,20.6086615303572,0.04518689521361699,500.0,20.2887308179098,0.04381858403704485,500.0,19.71409451613544,0.03504428588278931,500.0,20.28464715397151,0.04339644122681908,500.0,20.84126165883665,0.04458263042454955,500.0,20.329233380974422,0.03849536591217406
26,520.0,19.95475636967435,0.04535816350975611,520.0,19.968596477945347,0.03589243260799526,520.0,19.444543633458697,0.040683413080485974,520.0,19.73969402426157,0.04090682816473353,520.0,20.103119076375272,0.04086414386105918,520.0,20.016811726235673,0.04449217576284596,520.0,19.463259055987265,0.034456735731286575,520.0,19.995680800724777,0.04146145770201924,520.0,20.31626975001211,0.040637908539176974,520.0,19.773511229749868,0.034657236111038325
27,540.0,19.504988662751813,0.040731386510939244,540.0,19.45156007766228,0.030338624496332296,540.0,19.158388862072417,0.03971822792029481,540.0,19.341331952315876,0.03707562858847217,540.0,19.673633883031567,0.03613817698550437,540.0,19.654264463435986,0.04142386182033454,540.0,19.227682954826022,0.029607149628959693,540.0,19.579479424210636,0.0393504791997266,540.0,19.803272396036387,0.03746432641031769,540.0,19.42806283445903,0.03068096212630806
28,560.0,19.109130188634108,0.03492311555943183,560.0,19.16218875099339,0.02974113380694252,560.0,18.840672594450712,0.03166410952530451,560.0,19.088860302080793,0.03611262683700115,560.0,19.233090156284295,0.03033117794526199,560.0,19.164733951649985,0.03545843965466611,560.0,18.871907919812728,0.023310278699072564,560.0,19.34096691352894,0.03289779085854637,560.0,19.442158363760015,0.03299034194547432,560.0,19.121697984786234,0.026935505160892666
29,580.0,18.8108657183292,0.036617938165678696,580.0,18.948964780057047,0.029330883413793533,580.0,18.416108704626314,0.027440104182098256,580.0,18.830181249491506,0.030879200279694815,580.0,18.925437927499594,0.029357898186645314,580.0,18.833620378155395,0.032410825825646083,580.0,18.680855918260537,0.021528367265559574,580.0,18.97844877517131,0.03140213571128391,580.0,19.03662234621159,0.02838566923504529,580.0,18.75678251682598,0.02406609909699172
30,600.0,18.648162542084474,0.04020848857068897,600.0,18.658178701213917,0.024601930126660527,600.0,18.22475449823169,0.023519098877238468,600.0,18.64101544790006,0.02628836946145169,600.0,18.626849741659825,0.028435173769188516,600.0,18.64745491597737,0.0312880215759778,600.0,18.444165183458185,0.020345065614993562,600.0,18.818413962699307,0.029606761030167503,600.0,18.852582952330206,0.029053803809721702,600.0,18.465793704018267,0.022269549139867183
31,620.0,18.461615525203083,0.03436585716210563,620.0,18.37036477471398,0.021050316885706834,620.0,18.117486851948442,0.02116228617019625,620.0,18.36120662370125,0.0231446367517956,620.0,18.52179718994481,0.024608675514431536,620.0,18.471016802148842,0.0333470904328763,620.0,18.352527852605743,0.019120221297019308,620.0,18.54242241644331,0.024235920429798677,620.0,18.685548269633514,0.02749899785786945,620.0,18.192488178238,0.01854144378510914
32,640.0,18.22312549154569,0.03252158745453928,640.0,18.29787624664345,0.02141406628938909,640.0,17.82133588800076,0.01832634040043569,640.0,18.181025769004872,0.020903059530785563,640.0,18.31658457448772,0.021858204455622702,640.0,18.26349832575498,0.023322608294464954,640.0,18.345089065651734,0.01931408097287695,640.0,18.478740782151338,0.024154795863823783,640.0,18.65237993603011,0.025857701644383512,640.0,18.12601716616436,0.01750969391963112
33,660.0,18.015360967648935,0.026741069589791257,660.0,18.303973255043566,0.020435012194687574,660.0,17.73020019565953,0.017306985574025168,660.0,18.059512675493114,0.01997349053102491,660.0,18.23047871865559,0.02085479269353974,660.0,17.89928774558407,0.017260745636589348,660.0,18.368023074265572,0.02024934452242045,660.0,18.34918611706032,0.021048239241572286,660.0,18.45588131573846,0.02200792114277362,660.0,18.07518156034933,0.017345956329444974
34,680.0,17.822123130093466,0.02166284530452161,680.0,18.192531858036077,0.016837498411920015,680.0,17.641413654130275,0.014394595059079198,680.0,17.921102898870885,0.018501522695500146,680.0,18.15743497334888,0.02296798660264798,680.0,17.80735432598613,0.017524149652124905,680.0,18.10577445401714,0.014388726192486797,680.0,18.251598947886027,0.018069744231120774,680.0,18.256354702268265,0.02106545265919143,680.0,17.94105236072558,0.014968260537075338
35,700.0,17.666299684320542,0.020018343067168157,700.0,18.00148916476556,0.016974078337766364,700.0,17.601860928029666,0.014417712437365254,700.0,17.807407816637774,0.01589140243657288,700.0,18.0652773260691,0.021211996485152963,700.0,17.78215928847406,0.018282569130542936,700.0,17.949005732988496,0.01134202554501374,700.0,18.1322257514526,0.019079488735391146,700.0,18.296886911651583,0.02159949883419761,700.0,18.042208153881226,0.018728431278957992
36,720.0,17.624086252591425,0.024061768634151236,720.0,17.955579485271468,0.013537534374206276,720.0,17.56066097023911,0.016478923064568635,720.0,17.671641363589263,0.016408168212168627,720.0,18.034538036615487,0.02351453015211117,720.0,17.682626066292773,0.01739426199175964,720.0,17.917535217755646,0.011912360481918965,720.0,18.06365341702594,0.017204884730559217,720.0,18.109633453062024,0.015859241943545356,720.0,17.890976024171508,0.016010732443469004
37,740.0,17.725799161978532,0.030762816064926493,740.0,17.869672079752785,0.014757163122021997,740.0,17.598061832138363,0.01988225202376707,740.0,17.63685224247515,0.014001214468761463,740.0,18.032788288738107,0.026443429983372714,740.0,17.640066249525148,0.01895377964246136,740.0,17.923676045049543,0.014588573337100851,740.0,17.889043082156636,0.015496594953046054,740.0,18.03204369690681,0.01744707936370034,740.0,17.81325866413362,0.014067910445595664
38,760.0,17.540360208621866,0.02855952005360835,760.0,17.955511841514713,0.015600118640438237,760.0,17.53733928235472,0.017309289965089954,760.0,17.482504332974376,0.0119714385644736,760.0,17.966534435207816,0.02294928514264094,760.0,17.677675650943076,0.021375679337085292,760.0,17.91856934463145,0.016546620035637775,760.0,17.81704573264321,0.01498145466335217,760.0,18.06481121671754,0.01744798107939817,760.0,17.781483171985396,0.010358698753241049
39,780.0,17.478176650838375,0.027276493441517155,780.0,17.953876694184473,0.016099887914111835,780.0,17.346399916376846,0.01583110662446289,780.0,17.435460108309744,0.011351500528050338,780.0,17.89401970852994,0.021598876923314657,780.0,17.802810318817407,0.02448211053813812,780.0,17.84879592258408,0.017568821916663303,780.0,17.780702417885003,0.012083879022890414,780.0,18.060578845706363,0.017494557592359287,780.0,17.800365395299526,0.01227555766171489
40,800.0,17.251898172394693,0.021946063377362195,800.0,17.933019886923823,0.015366616769349398,800.0,17.31504747393658,0.01242898080989497,800.0,17.452118754043898,0.013949890719820677,800.0,17.82179314865985,0.024198158013185343,800.0,17.77060093750615,0.024169762188891792,800.0,17.841893772058167,0.021585309068787986,800.0,17.66341350574652,0.00991880273262895,800.0,18.017788344333216,0.02172830630569438,800.0,17.71827119584326,0.011780085717229532
41,820.0,17.095041909488685,0.01791235943980178,820.0,17.85002149727531,0.013117673083980446,820.0,17.32118491627475,0.011704220128857338,820.0,17.519133847403477,0.016165519658330445,820.0,17.643330833120807,0.020853120319351943,820.0,17.57285239978933,0.018450698033228737,820.0,17.906691972513627,0.026039761401145223,820.0,17.505684380094582,0.008996216466101041,820.0,18.009134979959455,0.02368151685356118,820.0,17.65703325498771,0.010315206470937439
42,840.0,16.97097203923493,0.015842718079847176,840.0,17.718224438243627,0.011768806270418207,840.0,17.320651396915462,0.011995182671610533,840.0,17.591360075376688,0.020674168130590618,840.0,17.48468773909342,0.017521521570308125,840.0,17.49500595049927,0.016447242280450244,840.0,17.723113162574137,0.024470211082377916,840.0,17.43424064054397,0.00931383434194547,840.0,17.91868684076489,0.025912637012314766,840.0,17.580231056236144,0.007160205122756177
43,860.0,17.057906743414055,0.019513627236250577,860.0,17.74707810275952,0.01574613451435078,860.0,17.19990253646729,0.013098528569226954,860.0,17.536635199645946,0.019701817899158078,860.0,17.390022189991416,0.01781319593338536,860.0,17.461738059412788,0.017710181279128587,860.0,17.680948896813867,0.024168545522990626,860.0,17.456312754032112,0.01360279237646016,860.0,17.75965185573836,0.02260255613239221,860.0,17.53791662632927,0.009393385024165798
44,880.0,16.9665572485987,0.017626778298799817,880.0,17.756987675012645,0.01632223973360699,880.0,17.18770544157604,0.013901795556877632,880.0,17.531495507321758,0.020102312133902716,880.0,17.30029510791614,0.015327183215817525,880.0,17.31808075851434,0.0164302634733866,880.0,17.6224571007592,0.022706762353951644,880.0,17.628510079064025,0.019737236930196786,880.0,17.743765173184777,0.01913452507188407,880.0,17.568677259894674,0.010999694099660038
45,900.0,16.84501974065601,0.011807975909104092,900.0,17.7606762021629,0.01724403844635941,900.0,17.167084996368803,0.013970431394543206,900.0,17.561006016622134,0.016546231024108633,900.0,17.299802709754506,0.013026291227505898,900.0,17.25141254903311,0.014040780843298243,900.0,17.45887676744883,0.020051379204026862,900.0,17.59087267873067,0.016072882795786714,900.0,17.567791774221515,0.015961771173410355,900.0,17.472191801245824,0.010347662590742013
46,920.0,16.808137569786986,0.010651494180697853,920.0,17.732988227906784,0.016327696736393203,920.0,17.120654999799058,0.012985413853713714,920.0,17.44845993039105,0.018756705033711123,920.0,17.23846812707321,0.013811413214424473,920.0,17.086495527138172,0.01208914665064689,920.0,17.383163055457985,0.018554633963705405,920.0,17.3474713071205,0.009849884626804308,920.0,17.584350239348062,0.01780779749097827,920.0,17.41724616368614,0.010926605381589218
47,940.0,16.71505997438913,0.01515453706024733,940.0,17.626802008687495,0.01705561897749361,940.0,17.08369737992027,0.013837207135716262,940.0,17.334159725443826,0.015063164952724264,940.0,17.09799111131186,0.012392229642348403,940.0,17.041748571506673,0.013656978786657937,940.0,17.23483595808753,0.013902178205414388,940.0,17.194247814465417,0.008174298463628478,940.0,17.521005628032075,0.020295341812961193,940.0,17.42896863294823,0.012587243782932578
48,960.0,16.79445742270158,0.020379528667678417,960.0,17.465217537792245,0.012532618568416896,960.0,17.07911952806119,0.011745165109249106,960.0,17.153449881932445,0.01324242180254242,960.0,17.079159215639496,0.01556217599283299,960.0,17.052203074561096,0.02005102325109377,960.0,17.136471874701694,0.015717742945878944,960.0,17.156367921621726,0.008023343267174845,960.0,17.47597135429211,0.018633806039467536,960.0,17.367538135195865,0.011964135348956146
49,980.0,16.544909798712183,0.013911812408486931,980.0,17.37905320497342,0.014149178290359818,980.0,17.00999867431151,0.01269803773761392,980.0,16.990771929719024,0.014781541424879866,980.0,17.091875937295406,0.01692246683004403,980.0,16.93123514072798,0.014773324571165758,980.0,17.147675507940075,0.019533303632662657,980.0,17.191448125878413,0.012055296200589326,980.0,17.285117764663223,0.016640274051746666,980.0,17.289792724671717,0.012140346839970586
50,1000.0,16.421615935491474,0.01573715196930019,1000.0,17.48148016532785,0.021158527144722692,1000.0,16.7767972405072,0.011317193523454857,1000.0,16.975241817192753,0.015245389931694523,1000.0,17.025322970951507,0.017628647169305994,1000.0,16.933087798883356,0.014824254725949965,1000.0,17.11456203979795,0.023540319149133477,1000.0,17.128616004281135,0.012877115893782591,1000.0,17.131778340617352,0.012888579015892876,1000.0,17.360208081182822,0.016793952788192186
51,1020.0,16.34657059525703,0.013316993882119979,1020.0,17.43659524999208,0.018255469347763807,1020.0,16.842569212472807,0.012632562231854307,1020.0,16.890817331528645,0.013960094008956562,1020.0,17.033111314959545,0.016446444212232608,1020.0,16.93124960494124,0.01200110303971827,1020.0,17.04474508268209,0.019909350161893026,1020.0,17.097440742132648,0.011521929111444814,1020.0,17.123583191589212,0.013951721958007484,1020.0,17.36270306012174,0.018670062521125384
52,1040.0,16.23180561854242,0.015357136490963095,1040.0,17.40062609055836,0.02199970479907998,1040.0,16.73394647192326,0.012693365389680859,1040.0,16.852522591528174,0.011799828856666852,1040.0,16.860068191208978,0.01452015509199113,1040.0,16.938609666116733,0.014774583473180978,1040.0,16.768869061750642,0.01451384386180702,1040.0,17.069644740125394,0.013796858372630475,1040.0,17.064833134502532,0.016882279186660045,1040.0,17.234982949312393,0.013004864605653232
53,1060.0,16.230490551365662,0.013201501395862037,1060.0,17.322249897299866,0.018319614175125898,1060.0,16.68541977704711,0.012921015085687966,1060.0,16.780554786716916,0.013146813443953086,1060.0,16.849936011971145,0.01681045449405484,1060.0,16.85049555427368,0.015103238293230752,1060.0,16.69841428100059,0.011636049465351855,1060.0,17.083572763414722,0.014965869437268907,1060.0,16.945531865679254,0.014597586796626682,1060.0,17.097097573292015,0.0096930588695207
54,1080.0,16.127810318076953,0.015668547618947194,1080.0,17.084241157592356,0.02065708099886424,1080.0,16.643109547561146,0.013520482811781339,1080.0,16.761724923320674,0.011425377425450196,1080.0,16.845746809969775,0.017423565295877252,1080.0,16.85587578627454,0.015155383858034319,1080.0,16.524152188646994,0.009021681576109575,1080.0,17.07867876429687,0.01636589588047377,1080.0,16.87040416096879,0.01667574005703494,1080.0,16.9890652096319,0.01172816738985154
55,1100.0,16.1848732112437,0.014966235618174378,1100.0,17.2201098365676,0.026847618971077316,1100.0,16.549970336451732,0.011116367641468478,1100.0,16.579893862473607,0.011072176688218334,1100.0,16.72938617795965,0.013561766809554242,1100.0,16.766608539494637,0.01555427411925028,1100.0,16.548055711349427,0.01260165290903367,1100.0,17.023944095559663,0.01863079684804947,1100.0,16.84858518114289,0.01617179298473858,1100.0,17.079692432093804,0.013730035507102096
56,1120.0,16.158214412960387,0.01740391056615617,1120.0,17.118269189252366,0.02307532222173226,1120.0,16.56630729211358,0.012667225139055535,1120.0,16.634718240798875,0.017491617936498983,1120.0,16.684489339500516,0.012399624187542826,1120.0,16.76035569985186,0.018625414545955305,1120.0,16.557870318953636,0.012538898833661043,1120.0,16.989467262642858,0.019804890100051136,1120.0,16.721066580429376,0.015676723107842738,1120.0,17.00321545688151,0.012639959733237961
57,1140.0,16.02457907279413,0.013097649720413988,1140.0,16.8814215175868,0.018257169781383746,1140.0,16.513107302403057,0.009417852033992537,1140.0,16.794949253604383,0.020139154072017364,1140.0,16.620436363832088,0.01628161294098945,1140.0,16.61387139568715,0.019578826076749618,1140.0,16.573223781717285,0.0182231424117044,1140.0,16.948051314836956,0.022238043308358425,1140.0,16.722624569545186,0.013418616912911688,1140.0,16.99358218628682,0.016700308945606493
58,1160.0,16.08602371530044,0.018498015053406376,1160.0,16.873782113631712,0.019388681232548406,1160.0,16.534883750031266,0.009700403150380588,1160.0,16.55396268646373,0.01240842244157686,1160.0,16.645339029824893,0.016280079461466725,1160.0,16.573516033273467,0.017508026883634616,1160.0,16.65128045852281,0.020039497276965714,1160.0,16.82737072119789,0.017316066165495938,1160.0,16.462553215414083,0.009868389379708097,1160.0,16.885645499384513,0.012132353389161833
59,1180.0,16.261036614823094,0.023273538359046542,1180.0,16.722563192541877,0.025596173318200483,1180.0,16.473840818520163,0.012484838693381165,1180.0,16.521412032266582,0.011604685330141423,1180.0,16.608888448487438,0.019470565688249786,1180.0,16.554915934803024,0.020059500952717944,1180.0,16.548007056746545,0.019529928489601233,1180.0,16.70459757471728,0.016234211348264686,1180.0,16.451364152806626,0.010918759052282194,1180.0,16.86544178327282,0.014580492621723892
60,1200.0,16.08453932712251,0.01638860368619637,1200.0,16.70673624770449,0.027925503095912303,1200.0,16.442030631099428,0.012278148032378245,1200.0,16.52181263434796,0.017940943847293892,1200.0,16.672826647577953,0.01534839048903809,1200.0,16.349240920435804,0.01837901186382907,1200.0,16.607227121318694,0.021741653362267247,1200.0,16.520723709940462,0.011375052784842946,1200.0,16.48408045615263,0.014145816560984188,1200.0,16.91037165106076,0.01759343072509836
61,1220.0,15.995275605095298,0.01433432203840511,1220.0,16.5747303827397,0.023956999241234872,1220.0,16.426585210037743,0.01484747378631438,1220.0,16.63085721001017,0.018290980167658753,1220.0,16.407060597228828,0.010719510327050234,1220.0,16.332202061714103,0.017783630940540314,1220.0,16.509750480364474,0.019622439607627294,1220.0,16.335259278397437,0.008192575728746761,1220.0,16.44775999435708,0.015497827022809418,1220.0,16.838301915733773,0.016717063292252404
62,1240.0,15.956743352093252,0.019913226054478504,1240.0,16.371932819823275,0.02181036284164149,1240.0,16.391465604719205,0.011951487846551227,1240.0,16.36415691770043,0.012279066016306675,1240.0,16.238618127632023,0.0071329468440286346,1240.0,16.303539261963987,0.019899519852807263,1240.0,16.432142744719812,0.020424318999791927,1240.0,16.26923833720893,0.00826160159077177,1240.0,16.461399247477427,0.018049794989769392,1240.0,16.761693767947122,0.01742570066861466
63,1260.0,15.937708307360067,0.0252498912590618,1260.0,16.216357006851297,0.0178666119360172,1260.0,16.341216357680103,0.014746614413376848,1260.0,16.18525304644169,0.010946962319076384,1260.0,16.171013286525763,0.007113109151639353,1260.0,16.182107641490163,0.01705939483835002,1260.0,16.244691174890118,0.015192592109362642,1260.0,16.21573942456953,0.007697509028242453,1260.0,16.522257216909562,0.01962397215093046,1260.0,16.792602299916357,0.017203411146044338
64,1280.0,15.913732492296752,0.027800999186371942,1280.0,16.10304901395937,0.01451620889633709,1280.0,16.35416938589894,0.016572144940526466,1280.0,16.192929537796868,0.017485110517489254,1280.0,16.12752741547874,0.00783105663011684,1280.0,16.01936819392372,0.018255871408852084,1280.0,16.157280917163998,0.01750086623537444,1280.0,16.175308446868918,0.008809027284262633,1280.0,16.301100419116654,0.01400557198491089,1280.0,16.654195769921817,0.019415058547379276
65,1300.0,15.784353919105873,0.01867561051234993,1300.0,16.056865544332716,0.010471856594693747,1300.0,16.25275289619691,0.015906588940091372,1300.0,16.200312459552276,0.014101250423829976,1300.0,16.209828133667493,0.012902230172388642,1300.0,15.912645589616716,0.02105294541229301,1300.0,16.170399866026962,0.021167450324305583,1300.0,16.247610212365114,0.012839464776819885,1300.0,16.294202465223858,0.016023121308135588,1300.0,16.603069637901623,0.018913449593299853
66,1320.0,15.570797817821624,0.01566684674229781,1320.0,15.852821794441274,0.008965665757423464,1320.0,16.064459220738616,0.013536348465572732,1320.0,16.04464543067222,0.012630206323227079,1320.0,16.258516045851874,0.017589741579274752,1320.0,15.78288423248483,0.019902271282095374,1320.0,16.05635614473967,0.017733813252160276,1320.0,16.330470935508192,0.01020152823785335,1320.0,16.23781019198044,0.01890495982468282,1320.0,16.480919542090533,0.014534724581428151
67,1340.0,15.411954877314008,0.018335126616145975,1340.0,15.82068051519339,0.008197984851383924,1340.0,16.097379801532348,0.013810708479826255,1340.0,15.954900186200113,0.013427048010061818,1340.0,16.2990437562878,0.015754599692623897,1340.0,15.700726510619669,0.015016510038461783,1340.0,16.098552981748004,0.028792060360772788,1340.0,16.20965986688098,0.011005442865093277,1340.0,16.09286444549638,0.013043689419422362,1340.0,16.38954060609219,0.01868117073399237
68,1360.0,15.345583833762301,0.014338465227370825,1360.0,15.790922680361623,0.00892842874069829,1360.0,16.034672498514468,0.014365768766301237,1360.0,15.966221276679315,0.01007819998259295,1360.0,16.102471211088798,0.016739308465680197,1360.0,15.691265890517391,0.012940566920561076,1360.0,15.998602322110122,0.03073453509346981,1360.0,16.264136843186083,0.01455024107268083,1360.0,15.98690536290029,0.015273859665356474,1360.0,16.40120743197424,0.019438846888791984
69,1380.0,15.240395713164192,0.01473019493388243,1380.0,15.822109989577564,0.01288366551474903,1380.0,16.04228184896213,0.014589049423447182,1380.0,15.938182743639628,0.017550923424857125,1380.0,16.207350278923254,0.024573989210339688,1380.0,15.677985664548396,0.012916859189480325,1380.0,15.998264827262577,0.030281688220916918,1380.0,16.1660747261689,0.01132156017561376,1380.0,16.092005697296333,0.020530221157762728,1380.0,16.44140154622214,0.021612373788079533
70,1400.0,15.310621126638832,0.01936951664304872,1400.0,15.96380178578538,0.018076309057836155,1400.0,15.969451716084789,0.014480210481881025,1400.0,15.847731858821275,0.013662945569760625,1400.0,16.13624019690791,0.02755065705138256,1400.0,15.728373012579965,0.014377164100337597,1400.0,15.852945137302958,0.03267339868643165,1400.0,16.11790956921968,0.012328227563747298,1400.0,15.971098618458226,0.021452186466472498,1400.0,16.311765441089662,0.016161234175014406
71,1420.0,15.231206194093014,0.019437854491657153,1420.0,15.85057693336702,0.021189745790769453,1420.0,16.008148488507903,0.015637713888732318,1420.0,15.920454266951518,0.019204600644689047,1420.0,16.166402531982033,0.029758458874567805,1420.0,15.807734803153702,0.018791565226948154,1420.0,15.679219466162325,0.030766302556399058,1420.0,16.164700597490658,0.013788653302925122,1420.0,15.947724694408512,0.0200623072772967,1420.0,16.15871225879745,0.012287492974607147
72,1440.0,15.153358561548503,0.021204150641592263,1440.0,15.805719261990259,0.018946915771737287,1440.0,15.890098116543488,0.014621645541454684,1440.0,15.872816296735456,0.018371118188805168,1440.0,15.948889586615309,0.026543999958569292,1440.0,15.44453505137782,0.01799280041952102,1440.0,15.51459152538699,0.02530647009312744,1440.0,16.098300237013582,0.014573900211280194,1440.0,15.805913833240327,0.016439975923027567,1440.0,16.13670745658958,0.018388980521110345
73,1460.0,15.153046537016587,0.026014620093804456,1460.0,15.829949410329984,0.023850751155748952,1460.0,15.904084823086295,0.015158389653446609,1460.0,15.711943197829536,0.01885187588650518,1460.0,15.707360071740563,0.023665595153671923,1460.0,15.427924490230456,0.02350488861122178,1460.0,15.334628330584914,0.026696494734364924,1460.0,16.01083689684744,0.016396884377702137,1460.0,15.722177964209065,0.015939646224658308,1460.0,16.1348448984375,0.014505848774067945
74,1480.0,15.08797634770429,0.028350279334275353,1480.0,15.765499494391843,0.0274919209382596,1480.0,15.845256800693061,0.01645674950029069,1480.0,15.808797365817622,0.022398579306779843,1480.0,15.615117958030968,0.026487762253973972,1480.0,15.443217077804713,0.024651299660026438,1480.0,15.164396591416322,0.025075668211651258,1480.0,15.954603172435924,0.012907253970867203,1480.0,15.778195653670085,0.016947199575014178,1480.0,15.860338101139414,0.010597194140077313
75,1500.0,14.890290426931534,0.01947052049544102,1500.0,15.82058556668969,0.030933987099207014,1500.0,15.742231760935347,0.016050614797008617,1500.0,15.559453436350866,0.014640207574768289,1500.0,15.6052790290946,0.02897446886788132,1500.0,15.37400026243823,0.0179935366109205,1500.0,14.965114762940617,0.016449034531085774,1500.0,15.841406833432183,0.012375540376172342,1500.0,15.67938729336096,0.02019710997273574,1500.0,15.983464832245993,0.016685256921536298
76,1520.0,14.782347839497378,0.01794566748768473,1520.0,15.809220512546197,0.03166126602431322,1520.0,15.658196929719866,0.012675920136793823,1520.0,15.492796291656083,0.012323787778453462,1520.0,15.554323732456547,0.029086476774192262,1520.0,15.124246108505057,0.019934538911125656,1520.0,15.014007452569766,0.02878043453414645,1520.0,15.98421391344627,0.01753081441375979,1520.0,15.656554835983624,0.026219158996784234,1520.0,16.03436568376728,0.013872040710151126
77,1540.0,14.826543233979228,0.018466633972750567,1540.0,15.577469388620543,0.028418868341768887,1540.0,15.610527772765153,0.013626462120581996,1540.0,15.252422787124406,0.010737723806516317,1540.0,15.321696371107132,0.02337626966276181,1540.0,15.08353346798695,0.022891527038872116,1540.0,15.058902406856634,0.030539996219882737,1540.0,15.963835755061044,0.0208534086070185,1540.0,15.582710124220572,0.02280107306297622,1540.0,15.771968058310536,0.011514988460141864
78,1560.0,14.723682377341278,0.026843477969149345,1560.0,15.384163662553359,0.03042382978601754,1560.0,15.60142693095957,0.011195255332966666,1560.0,15.28162921327429,0.014701137485939148,1560.0,15.31412283765074,0.03019316953439848,1560.0,15.01136084277663,0.019284032001776877,1560.0,14.867552128390672,0.02819462257971401,1560.0,15.821367321203775,0.022739033232335778,1560.0,15.541255784694496,0.021249380325467446,1560.0,15.902859922015246,0.020028831719852477
79,1580.0,14.540730030744893,0.02761071334147613,1580.0,15.28656486215363,0.031588949070173476,1580.0,15.562289542928156,0.007473651508454043,1580.0,15.467209864487803,0.02218468787916964,1580.0,15.18907208799465,0.023979259277622636,1580.0,15.040180737346628,0.019710602163708815,1580.0,14.763014377618475,0.028710120402220665,1580.0,16.011840449621648,0.025282713277282834,1580.0,15.576846932605209,0.027428958793644077,1580.0,15.780016172023945,0.01383362336479357
80,1600.0,14.289160845411606,0.022903161243918876,1600.0,15.121531085244552,0.027582721332670607,1600.0,15.509072674515915,0.008392196914441069,1600.0,15.413168479379749,0.023982401303072977,1600.0,14.975482174941826,0.020353083483892982,1600.0,15.08340725779419,0.017821805821684068,1600.0,14.70637538927076,0.035609263079663014,1600.0,15.850354764730076,0.023947765679999476,1600.0,15.370978005151565,0.021021343964187325,1600.0,15.739728138420496,0.016051982972526073
81,1620.0,14.172734986183928,0.02371456586434909,1620.0,15.023370744907496,0.0314157419589891,1620.0,15.518560299966481,0.00915564270013,1620.0,15.281333055195637,0.023679200900446232,1620.0,14.849130083248939,0.018553244060132448,1620.0,14.863630239115066,0.014732196606429554,1620.0,14.59038940001266,0.030137716358755864,1620.0,15.871307021745736,0.02875180158176012,1620.0,15.328847655226285,0.02067007021291421,1620.0,15.685041709266464,0.024014144262994634
82,1640.0,14.332150808630708,0.037582495552005504,1640.0,14.663606039055596,0.01932899635286062,1640.0,15.570301376945002,0.014415130474923016,1640.0,15.215522695363443,0.0295227166968003,1640.0,14.724818916548436,0.01836716004058307,1640.0,14.862874725415713,0.020637398208111526,1640.0,14.260068291605643,0.029487101607371714,1640.0,15.799645845170748,0.028536976140697973,1640.0,15.013924918787062,0.022083130186843228,1640.0,15.558810963038805,0.023738126703407966
83,1660.0,14.106502130688744,0.03402441422474811,1660.0,14.504766986148976,0.021495810724460027,1660.0,15.503695424058469,0.016493536311590853,1660.0,15.225392856910164,0.03720398606894433,1660.0,14.761111803266576,0.019273680374640088,1660.0,14.71292887707752,0.017040396403169237,1660.0,14.38621285960935,0.02943338434288272,1660.0,15.54561327959879,0.02689923402687919,1660.0,15.159964004593117,0.02832304301937938,1660.0,15.602771262331123,0.024984896762041648
84,1680.0,14.001734296134996,0.026289327861422726,1680.0,14.52852689274017,0.025463883304521696,1680.0,15.53188993178492,0.018979201958493553,1680.0,15.044955965736346,0.03699114101859807,1680.0,14.809056864175124,0.018730254603512214,1680.0,14.65549647950082,0.01816965544506048,1680.0,13.873341000654616,0.02097913655059251,1680.0,15.28658063038519,0.02413971275718609,1680.0,14.895297273522393,0.017181237284387203,1680.0,15.448698146845132,0.02870036585581827
85,1700.0,13.637427091666838,0.020982153676812415,1700.0,14.53060576725914,0.02844129620801211,1700.0,15.390534509335865,0.018689022175950303,1700.0,15.057605800897631,0.03831793633723436,1700.0,14.58914383792122,0.023329946941770617,1700.0,14.660066473245212,0.014605895676421525,1700.0,13.564869249281186,0.016312158183312567,1700.0,15.509357640794212,0.035036794855058305,1700.0,14.779620512557575,0.016837682425003678,1700.0,15.325268927053939,0.023335436795013802
86,1720.0,13.735653744889317,0.02443471319880913,1720.0,14.248388409004471,0.024580595438509836,1720.0,15.184575146661874,0.014983857898953257,1720.0,14.794780220393934,0.03474211601425041,1720.0,14.43050459026199,0.01942793039816245,1720.0,14.563343423294324,0.01236911274151142,1720.0,13.583833524093922,0.020007770319133592,1720.0,15.323727018062362,0.03301013458452205,1720.0,14.765977486152442,0.0186167125178678,1720.0,15.10635758088176,0.016452438435198315
87,1740.0,13.574439633258402,0.023966936595318136,1740.0,14.10095904229295,0.020703369495919662,1740.0,15.24559221324843,0.019579133473287127,1740.0,14.462009381402725,0.03001364755433289,1740.0,14.308820050170521,0.019814119310672274,1740.0,14.494728175526575,0.010117527028016465,1740.0,13.73003895753778,0.025455515622026848,1740.0,15.133052782663047,0.03462289244740327,1740.0,14.655700406365176,0.020291299981087904,1740.0,14.93698100758275,0.015478105649588684
88,1760.0,13.326591280621134,0.02194986535309958,1760.0,14.1498598370293,0.025836735763116507,1760.0,14.997192675477525,0.013626632917952044,1760.0,14.231201857967969,0.025753805602080085,1760.0,14.477231031275196,0.029085403822570653,1760.0,14.240297412452144,0.012214360806662522,1760.0,13.74635697944021,0.03408371682463282,1760.0,14.865223351299564,0.03347355811990008,1760.0,14.501795399478155,0.021583881534687464,1760.0,14.934042570869343,0.016531787319282114
89,1780.0,13.1721192049577,0.021972851030318735,1780.0,13.982444704730648,0.019319284114953407,1780.0,14.950674478475106,0.015979466682448703,1780.0,14.187673503284772,0.031017674793755657,1780.0,14.259951579534723,0.033216982085708835,1780.0,14.38913701342119,0.017830926896692544,1780.0,13.743326216225057,0.03346000654829872,1780.0,14.716369221325728,0.029360258685757555,1780.0,14.46969960393388,0.01773503287834123,1780.0,14.735766597185352,0.011914801233156582
90,1800.0,13.367190032197806,0.02793055546705109,1800.0,13.957672943437753,0.026825127216498785,1800.0,14.95851333193154,0.023455057355540012,1800.0,14.075513617610099,0.024940637522506474,1800.0,14.159615605312089,0.03465586174050709,1800.0,14.328988062510698,0.014563596152615654,1800.0,13.530603934521624,0.03570499782432885,1800.0,14.732057602882893,0.027834615961644858,1800.0,14.367351464072796,0.02180886614154846,1800.0,14.849946485089466,0.021904428446671422
91,1820.0,13.245053358614008,0.028180409665647083,1820.0,13.973056318050483,0.03151061864884456,1820.0,15.017218993700695,0.03110144987531909,1820.0,13.946587910603986,0.02687775798095702,1820.0,13.811595942589234,0.03523455494447114,1820.0,14.14057477814557,0.016002198467286587,1820.0,13.297755854007068,0.04274672648856731,1820.0,14.348624802274237,0.019101100000844962,1820.0,14.319399135993264,0.02396525378162282,1820.0,14.831050956097673,0.030096690663338598
92,1840.0,13.193548558763354,0.024868169986811774,1840.0,13.901775573769864,0.03067380521885976,1840.0,15.092244618218425,0.03895106574961741,1840.0,13.789401240484858,0.022277390210690307,1840.0,13.726296315127202,0.029100932504041853,1840.0,14.156970271225527,0.011131909215514237,1840.0,13.14396122843662,0.03308747264406849,1840.0,14.191711022217584,0.021184976431452788,1840.0,14.489936306409444,0.031038252988664784,1840.0,14.81280791060094,0.03341552441724485
93,1860.0,13.089329371243943,0.025461434068644408,1860.0,13.426289779675233,0.020737259746091717,1860.0,14.79721467166878,0.04069475954933976,1860.0,13.592483918992922,0.01786074451833102,1860.0,13.725313819068667,0.03145949704367437,1860.0,13.970977978660578,0.013963149313951867,1860.0,13.06304134559986,0.031970045543514236,1860.0,14.292652969298443,0.025004095472863724,1860.0,14.207476808498834,0.023117610440527455,1860.0,14.614076338096739,0.027047610617979393
94,1880.0,12.841717027444737,0.01735238602081614,1880.0,13.391926711496428,0.013211396993598544,1880.0,14.534653031038065,0.03780546104524868,1880.0,13.652827741412716,0.022624077401006765,1880.0,13.668352468111225,0.03239137860477323,1880.0,14.146035427992368,0.027897117232533075,1880.0,12.888503721933052,0.033005178950301785,1880.0,14.174809357606994,0.023865142924901224,1880.0,14.151449512402008,0.023742808171323543,1880.0,14.368595860305653,0.02807057320730003
95,1900.0,12.567043160783319,0.013188679885479641,1900.0,13.115267471647918,0.01042233768921759,1900.0,14.46157234226151,0.03740286569539091,1900.0,13.60708350529087,0.03513484374299198,1900.0,13.386641871920364,0.03672332557643554,1900.0,14.051993028464908,0.026351253735062717,1900.0,12.779832410280832,0.03343607118512215,1900.0,14.083326779972518,0.030678073245625086,1900.0,14.197848293662956,0.019236605930586296,1900.0,14.441020470658803,0.030448282192451232
96,1920.0,12.552523448132003,0.018101765332397213,1920.0,13.17555588993899,0.018028238657044747,1920.0,14.202004144157588,0.033773035642494696,1920.0,13.486996505151762,0.04063108254096042,1920.0,13.408949957809137,0.04140526866313811,1920.0,13.975896352223407,0.03065482219629477,1920.0,12.646802027688926,0.027837275280071936,1920.0,14.093420407441561,0.031474345040190296,1920.0,13.88776392342782,0.021586640606317136,1920.0,14.231783210378426,0.030171736329034974
97,1940.0,12.742620904294904,0.02873193936531817,1940.0,13.203692988067758,0.011722097080617631,1940.0,14.140039595244716,0.04279990777961536,1940.0,13.545425408374465,0.04543744809861939,1940.0,13.230638732029696,0.03668237964145687,1940.0,13.839014628036175,0.04303701461162684,1940.0,12.356374556980887,0.021064209674576662,1940.0,13.95104896641624,0.022956293702523084,1940.0,13.841746007892253,0.026573783201298436,1940.0,14.224541510422192,0.031215634952064975
98,1960.0,12.692245289981209,0.027809251121664096,1960.0,13.009795835908845,0.013668204732524752,1960.0,13.865090293617055,0.03837096871181381,1960.0,13.172126815303637,0.0340397445095115,1960.0,12.828198985678748,0.036249854093820325,1960.0,13.819012121973072,0.03705906497616581,1960.0,12.102993524125258,0.019029194508193237,1960.0,13.686486272306574,0.014994550904824005,1960.0,13.89591977642856,0.021438576600033905,1960.0,14.091060369613132,0.02143918654543524
99,1980.0,12.515967016012192,0.02699863563185509,1980.0,13.118796804624843,0.020753575305360983,1980.0,13.877773758421892,0.04298106092580449,1980.0,13.082462434454113,0.03375099060453169,1980.0,12.905430876325527,0.049634205451013554,1980.0,13.508146848342982,0.03181225836182173,1980.0,12.246084681489226,0.029793129199152377,1980.0,13.434963028710785,0.009826778975676577,1980.0,13.669614671351205,0.015868677323863444,1980.0,13.87367210885718,0.01626032925921702
100,2000.0,12.41197100632993,0.033036188357923976,2000.0,13.023051897983033,0.022356134798463014,2000.0,13.770545042293861,0.03780902031168339,2000.0,12.950648810723981,0.02751119491044301,2000.0,12.667551812817315,0.04008025008101821,2000.0,13.359383841778756,0.03207092491866133,2000.0,12.104255384413511,0.026408124546841775,2000.0,13.362864163514239,0.012961648418746396,2000.0,13.494274507472054,0.019258773712295143,2000.0,13.746266485495513,0.027010841470482876
101,2020.0,12.385737068772206,0.03867043007594529,2020.0,12.997778480233656,0.023947641169234736,2020.0,13.482482886470997,0.03377838996430064,2020.0,12.790513601135757,0.027548097535744314,2020.0,12.391156922838027,0.04309144301529594,2020.0,13.153275302285214,0.0272622724132174,2020.0,12.365808069886835,0.03643656569923466,2020.0,13.429006449937136,0.016256610556558925,2020.0,13.719713209176348,0.027661779937647023,2020.0,13.720407906114634,0.030735129722642272
102,2040.0,12.645962239885295,0.03983007335240454,2040.0,13.244102952398084,0.0372369173564254,2040.0,13.388178196236213,0.03168883862688776,2040.0,12.628661147471757,0.02238780159985714,2040.0,12.654585191439464,0.04059431329535079,2040.0,13.065149155050406,0.03173671827783144,2040.0,12.298301985248107,0.03634839945157976,2040.0,13.735232506942749,0.03323774368037897,2040.0,13.764225227498644,0.02991141688584375,2040.0,13.723454592182243,0.03145188656695913
103,2060.0,12.308075602814352,0.04324031010848421,2060.0,13.040752637914967,0.037415508156895025,2060.0,13.409128098413756,0.03560651182901197,2060.0,12.64222854550861,0.03258452103040682,2060.0,12.342415867240753,0.047012480092201735,2060.0,13.270494623591384,0.03511258469786284,2060.0,11.704014544433786,0.02734945098502154,2060.0,13.56169898176068,0.03660978479074911,2060.0,13.725155719311553,0.0317641550925628,2060.0,13.589734838453928,0.027674227589129467
104,2080.0,12.155482149597995,0.037275026550559816,2080.0,12.897900912836706,0.03098136967998382,2080.0,13.026992930282098,0.03299826129708198,2080.0,12.975276731199486,0.04421866007680421,2080.0,12.444140806335884,0.05440742960148207,2080.0,13.20217070244749,0.03363534815698099,2080.0,11.495250521517347,0.025484541550154775,2080.0,13.458514955758856,0.03566937966113042,2080.0,13.405811068197112,0.03326964327552517,2080.0,13.467151118839471,0.030378243893355954
105,2100.0,11.661622165416244,0.03783842649918301,2100.0,12.889476455736594,0.034603806333562234,2100.0,12.751717588402459,0.034602173771946146,2100.0,12.648081641423644,0.037436976931286226,2100.0,12.134605542780127,0.06002470081142914,2100.0,12.92099298185363,0.04659127211418673,2100.0,11.66032995783745,0.03575666689399928,2100.0,13.254290455563654,0.029001181866747983,2100.0,13.378864422824877,0.026321361529005022,2100.0,13.493973087219878,0.04074118203034213
106,2120.0,11.817246071580806,0.039353853430601,2120.0,12.672473632946735,0.03191582139582764,2120.0,12.498922457159374,0.025968890127379178,2120.0,12.482045520131773,0.033972776906686965,2120.0,11.960104922041026,0.05409662233818472,2120.0,12.794039852196848,0.05284809771228738,2120.0,11.625237545735448,0.051871864830797136,2120.0,13.146279148179028,0.02428881941478781,2120.0,12.927961573048373,0.026733441328828274,2120.0,13.385599238613096,0.034530308371086026
107,2140.0,11.707810540771625,0.04247783393164687,2140.0,12.33531892275324,0.021101244772922294,2140.0,12.410198976799006,0.023803264238658903,2140.0,12.223365112225421,0.02939357410216396,2140.0,11.501259488268618,0.038126476572051766,2140.0,12.506459695344208,0.049594300788299225,2140.0,11.734590144058785,0.04962534752438148,2140.0,13.052567798635726,0.02312304663512888,2140.0,12.81390427893155,0.02217263944515581,2140.0,12.865710083365679,0.022337945493095555
108,2160.0,11.522215928133948,0.042141783963238456,2160.0,12.137812275816385,0.023640838619904205,2160.0,12.3921696169608,0.026312174475678074,2160.0,11.834247425323314,0.02712990246276259,2160.0,11.302681524972643,0.02995597311886887,2160.0,12.394273860525837,0.0412654219176827,2160.0,11.22070198408482,0.035813323757322685,2160.0,12.794518471620632,0.018661570276286423,2160.0,12.44929712251712,0.012211818677278188,2160.0,12.93788290098934,0.02969054867234426
109,2180.0,11.429464498440026,0.0444228764761913,2180.0,12.273029183745598,0.02610223827119431,2180.0,12.358352600296385,0.028619684534953893,2180.0,11.87536125779135,0.03618921100819591,2180.0,11.187909878537603,0.029979582643442547,2180.0,11.986487257838126,0.03275441619813241,2180.0,10.936205650460675,0.028419951414750143,2180.0,12.81297962707383,0.024860370238577196,2180.0,12.436438656760357,0.01435377536620299,2180.0,12.816579278140184,0.03186721790587919
110,2200.0,11.257701559135588,0.04003660741368272,2200.0,12.072027726213136,0.023536756482506548,2200.0,12.291372442035737,0.024352514543403942,2200.0,11.959796771012273,0.04462642274210119,2200.0,11.143997529776193,0.03215799102832518,2200.0,11.978841209683978,0.04132489983164756,2200.0,10.742249440050877,0.043725002046947764,2200.0,12.78595074593203,0.02375033558749154,2200.0,12.741043198399892,0.03363907835958868,2200.0,12.606281800858463,0.0249101942377695
111,2220.0,11.202378386035866,0.05205283274088903,2220.0,11.939917934357766,0.022351930603259573,2220.0,12.05665890850274,0.02284370365005729,2220.0,11.953295379337915,0.053925816004077545,2220.0,10.994358386040146,0.032012981331076974,2220.0,11.951596052151174,0.0481335773379855,2220.0,11.118183905042955,0.05326844407823632,2220.0,12.789706789152113,0.02361951379476417,2220.0,12.74219340973432,0.039177897638934714,2220.0,12.498551698846015,0.030782330818624644
112,2240.0,10.83855880915756,0.0487881513606518,2240.0,11.987240864770577,0.024186664736875925,2240.0,12.17533806154485,0.023546432143955135,2240.0,11.487670969320575,0.04280886432342923,2240.0,10.785552771344769,0.030735968311767337,2240.0,11.81596828690429,0.047235114310744945,2240.0,11.00481049796036,0.04171465424678791,2240.0,12.65314354192373,0.020840535942673117,2240.0,12.74942786468695,0.048296264129136804,2240.0,12.872059111343933,0.04225812106267366
113,2260.0,11.149503417382032,0.042699546048628724,2260.0,11.984711830079283,0.04226268617707361,2260.0,12.09614516266771,0.024186213523541118,2260.0,11.420265379842766,0.045949723125814496,2260.0,10.727098315051967,0.026611387426654445,2260.0,11.7707159211929,0.047085880759185975,2260.0,10.527325000057136,0.048240963867849464,2260.0,12.512342276160815,0.02452611666869504,2260.0,12.339309143670071,0.03626409776129087,2260.0,12.639582960826335,0.04439041301588361
114,2280.0,10.241701637907118,0.02585919387627749,2280.0,12.306484492980978,0.045151909776026365,2280.0,11.917758032238092,0.025033098942175418,2280.0,11.405130312156524,0.05758317933851052,2280.0,10.688667270306176,0.02711837756991334,2280.0,11.648070206608358,0.05473362501954143,2280.0,11.000941960132701,0.07176670272599145,2280.0,12.458697569881062,0.024927741343892553,2280.0,12.026547147612868,0.030702462885920455,2280.0,12.516610106647068,0.04371117166801307
115,2300.0,10.528430752929763,0.02365684861869997,2300.0,11.845205290489295,0.03742250612157961,2300.0,11.850942904212566,0.026045521661231485,2300.0,11.378055967989214,0.06041752678547486,2300.0,10.066952257901008,0.02744517957531786,2300.0,11.4520281934434,0.04821313521241338,2300.0,10.569137762820086,0.06887071363773759,2300.0,12.225151473413172,0.02629716916831272,2300.0,11.999862096460099,0.03851176512093709,2300.0,12.146271137045671,0.04099500503828764
116,2320.0,10.191928374918977,0.029939086427123555,2320.0,11.599303569610097,0.03296987838157008,2320.0,11.504470565334243,0.0380749757054534,2320.0,10.963798655809901,0.04398494687966647,2320.0,10.077998250662592,0.03748415920540844,2320.0,10.794928902588746,0.034715893560280056,2320.0,10.447758656628299,0.06330829327918237,2320.0,12.23163416390576,0.033512287268524225,2320.0,12.011562836695584,0.0420507318280779,2320.0,12.157389465266453,0.04293329236469827
117,2340.0,10.508440857589292,0.0399562664401071,2340.0,11.334582732971112,0.03157583261886764,2340.0,11.49000099485729,0.03938984437963518,2340.0,10.694098124859414,0.04662658126810373,2340.0,10.199773759145174,0.04441576359905478,2340.0,10.531503049961653,0.04519090319141525,2340.0,10.059996542538773,0.047411538109176705,2340.0,12.098679157544726,0.03639805038814793,2340.0,12.095994444009547,0.05767876004364158,2340.0,11.998185177836053,0.04418220246183896
118,2360.0,10.19711878473709,0.05146075878324904,2360.0,11.362765988455934,0.023256242893005985,2360.0,11.50699289094409,0.052096573718282795,2360.0,10.365491334245199,0.047772398669291255,2360.0,10.062812387746412,0.04057620452068461,2360.0,10.660399271381634,0.048367540294437766,2360.0,9.598102789567987,0.03235445128868253,2360.0,11.777144898863222,0.03197616770565838,2360.0,11.844274899586177,0.04738927200968187,2360.0,11.980003379557159,0.05068234155487426
119,2380.0,9.997485635271982,0.05822479449836705,2380.0,10.992859737748873,0.02124255054236307,2380.0,11.657319485967758,0.047883210732766024,2380.0,9.919682528743937,0.03737016345538678,2380.0,10.182712945402319,0.05176876393945695,2380.0,10.568528830233596,0.05524696327377033,2380.0,9.310793684451166,0.031299220395942136,2380.0,11.888050373354737,0.035927998191689,2380.0,11.877050149766013,0.05679135597764071,2380.0,11.973935813537452,0.049785122112329674
120,2400.0,10.513092845927005,0.0566629694862492,2400.0,11.37517725480368,0.05267702928033515,2400.0,11.27128939030859,0.05256921786810204,2400.0,10.347048582275935,0.04611016691865732,2400.0,10.24362510520221,0.055060042164675596,2400.0,10.545384409314927,0.062169743196777344,2400.0,9.4843202604295,0.025509574713541424,2400.0,11.688379875868907,0.031992063594886336,2400.0,11.442232759540675,0.06500964430949818,2400.0,11.610513436132296,0.04534317075583844
121,2420.0,9.590772514957617,0.04413834623576902,2420.0,11.470886739732867,0.053974220859310876,2420.0,11.047546877133748,0.058882981681114374,2420.0,9.989041342236902,0.048224624908849045,2420.0,9.399000603265142,0.03235091043001357,2420.0,10.57650969263623,0.05066674731367478,2420.0,8.821804899233465,0.020420726044096917,2420.0,11.504127506918255,0.029301557935711178,2420.0,11.419969230431839,0.06379795087718437,2420.0,11.641829915291465,0.046786361549287794
122,2440.0,9.38097939591205,0.05015358039984815,2440.0,11.138739709810963,0.06491295902804455,2440.0,10.667732212627998,0.058694279955639465,2440.0,9.617746015822583,0.04125384828950089,2440.0,9.56713084792882,0.03473279757647653,2440.0,9.964034966213667,0.058656491102716445,2440.0,9.24123215387101,0.052167387380630516,2440.0,11.236176835037016,0.023608149830272245,2440.0,11.33294401757189,0.06126591559679454,2440.0,11.655321490948825,0.0541889138922452
123,2460.0,9.892883784419796,0.06071442764422081,2460.0,11.121306255507214,0.06392569932860794,2460.0,10.60757269795078,0.05280322990344324,2460.0,9.420517605980923,0.04424155208615616,2460.0,9.21830141809963,0.05497020203349426,2460.0,9.787580353366137,0.05694884673615148,2460.0,9.808830774969262,0.05865947906353645,2460.0,11.21640003543263,0.01927849339499945,2460.0,10.857087708695422,0.06371093284119216,2460.0,11.119076176173763,0.06929060247645046
124,2480.0,9.724311183261472,0.06845769305538284,2480.0,10.703339021832086,0.0620179289270847,2480.0,10.223836661722208,0.043444799480005604,2480.0,9.800130137735826,0.04932447534326116,2480.0,9.653883045567392,0.07328703287952962,2480.0,10.08308195133445,0.03768470291382534,2480.0,9.66747798072523,0.05116723906873814,2480.0,11.468886303100536,0.03867348679195409,2480.0,10.896576536053125,0.05732827104609325,2480.0,11.454793889707513,0.07270843942489442
125,2500.0,9.638333348775348,0.07217614764094141,2500.0,10.675202888008686,0.0715709079895752,2500.0,9.613423576549579,0.0324915148085873,2500.0,9.416042066468549,0.03278344356870181,2500.0,9.759575595577182,0.08408890677343211,2500.0,8.76026805191097,0.016269276507344204,2500.0,8.974005567323342,0.04415057947269949,2500.0,11.224183996263216,0.03142219920093136,2500.0,10.71883422844048,0.05375056210175638,2500.0,10.787390021114454,0.06285498629998391
126,2520.0,9.24836103820147,0.08499180889431773,2520.0,10.587089378914706,0.07073923445025018,2520.0,9.26071154931817,0.04211741225490916,2520.0,9.113967517731963,0.03540158920563318,2520.0,9.480746798015137,0.07786811009590593,2520.0,8.833932838779289,0.025173353235140916,2520.0,8.481045128942782,0.06476626844920604,2520.0,11.024107400434566,0.024170689633808043,2520.0,9.72539368586174,0.03849587209896467,2520.0,9.963995069106794,0.03775065951629887
127,2540.0,8.8489982729176,0.08006335437099944,2540.0,9.845714222935786,0.05723719225990782,2540.0,9.565437563776019,0.051386565751743246,2540.0,9.20750744726246,0.030705161557659316,2540.0,8.31039894915535,0.07802897193932702,2540.0,9.268741892590036,0.04521150013915357,2540.0,8.957380497364591,0.08286361045578718,2540.0,10.985759263597785,0.024811504386866995,2540.0,10.02281739005748,0.050132812476371726,2540.0,10.333116169716138,0.05964672387893429
128,2560.0,8.248172288218052,0.07497454447040805,2560.0,10.066410898870112,0.04951369355309838,2560.0,9.368632567189591,0.0511800917889067,2560.0,8.324741273412076,0.019099463075211688,2560.0,9.052610774395905,0.08965551701428282,2560.0,9.94451742398322,0.07184167675584957,2560.0,8.91330667413349,0.0826830998877233,2560.0,10.838902810820324,0.027861036451798955,2560.0,9.868242878331719,0.06979908656416837,2560.0,10.137211962848061,0.07216262903157925
129,2580.0,7.9220326145412665,0.0459181586532827,2580.0,8.958567882434558,0.04890850976112989,2580.0,9.099954121191242,0.04238883699970989,2580.0,8.3366599406672,0.031454636148103725,2580.0,8.955141802382695,0.09401313440735605,2580.0,9.606926436787502,0.06932431633375298,2580.0,8.227201084776555,0.08237142299547905,2580.0,10.4979546188696,0.02964199108690445,2580.0,9.781753295050232,0.05531764132243996,2580.0,10.16154404568008,0.08085848699511844
130,2600.0,8.549026832970414,0.07254468041582417,2600.0,9.341167450951168,0.0510576611573911,2600.0,9.568544852149966,0.048815811477240664,2600.0,8.875025019485266,0.04783683124299251,2600.0,7.679711337814195,0.08991454843059633,2600.0,9.534106083362039,0.08309778286767093,2600.0,8.055690343498323,0.0768765703771399,2600.0,10.55471976874973,0.03341634724816657,2600.0,9.487957430610896,0.051459426719312695,2600.0,10.055500464087164,0.07473287160756102
131,2620.0,7.639057332621903,0.08908760777325703,2620.0,8.895898413403295,0.05039074752749202,2620.0,9.202792126857387,0.04261839625815734,2620.0,9.576273360558233,0.07838929383396714,2620.0,8.22370566710707,0.09594956756756651,2620.0,9.191848202418601,0.08234265410746924,2620.0,7.790989450991988,0.09340505103889077,2620.0,10.317155362681712,0.01589808960896804,2620.0,9.146998099563099,0.04758262331921832,2620.0,9.160982634760764,0.06594118635414493
132,2640.0,7.098601324840449,0.08358997528176423,2640.0,8.418606153577528,0.045867669633679296,2640.0,8.992635133275986,0.055815847544378766,2640.0,9.697438401769306,0.0907816682466899,2640.0,6.851771063311429,0.1077017524961529,2640.0,8.88052864784552,0.08863695669033522,2640.0,8.37674082478269,0.10471485720917235,2640.0,10.401261063758772,0.01941336178465369,2640.0,8.773795028013371,0.044018527939387785,2640.0,8.78278795271908,0.07094660424634562
133,2660.0,7.7138124315432295,0.08222768786665269,2660.0,8.897240830228025,0.06661471442601608,2660.0,9.686972532053124,0.08096119234175497,2660.0,9.4395818755083,0.09056674356602691,2660.0,7.586401704982516,0.09398902678202464,2660.0,8.098580721225087,0.08208133369123849,2660.0,8.927878369730104,0.09181567416410079,2660.0,10.245623853268196,0.02477624488839584,2660.0,9.03191802625851,0.051415716592432506,2660.0,9.429538965240045,0.08465609526614637
134,2680.0,6.770400358608528,0.0806856551711623,2680.0,8.578723565834885,0.07061691769498066,2680.0,9.814299549970865,0.09030379597101391,2680.0,8.120147434542227,0.07502636807663639,2680.0,7.108512875577709,0.09254972029742413,2680.0,8.777870231358635,0.08236360836003065,2680.0,7.20888476610359,0.09594866486112723,2680.0,10.102060995175155,0.020173844256489028,2680.0,8.36891198734762,0.04772394777398607,2680.0,8.686971109195689,0.0795415281229124
135,2700.0,5.5509376639993695,0.1027003252332881,2700.0,8.08257111279314,0.062254236202883576,2700.0,9.389260100152875,0.09118146246656604,2700.0,8.577939324698603,0.07868638819422835,2700.0,7.033690008742847,0.11476861019522827,2700.0,7.052849321949386,0.07358580992424957,2700.0,7.443254327149485,0.10915714377793273,2700.0,10.11659978743442,0.02140098608556077,2700.0,8.60538561611072,0.06738482876180898,2700.0,9.091503952743437,0.08968675343880397
136,2720.0,6.361823414085676,0.11221113504618459,2720.0,7.4334024593955785,0.06824419678856557,2720.0,8.00196025014818,0.07421549347868643,2720.0,8.223882538446784,0.07035604972705735,2720.0,5.182656255957255,0.1137001284290112,2720.0,7.855355151453281,0.11318282321544548,2720.0,5.565854883089241,0.11285842436704868,2720.0,10.104910968302349,0.03003921206605097,2720.0,7.8619133333187055,0.06776883502192028,2720.0,7.732385802883772,0.07457150012509127
137,2740.0,6.361635135156805,0.10030366838944262,2740.0,8.077007005947552,0.07397310512667676,2740.0,8.47882315307328,0.07834722936470528,2740.0,7.238049381263823,0.08200630393050011,2740.0,5.453572410575205,0.11364975956122395,2740.0,7.340676678341094,0.10415246059124196,2740.0,5.864887455964892,0.11445190312330136,2740.0,10.349012469560893,0.04423850218017116,2740.0,8.440844837701103,0.06701537923535542,2740.0,8.078768441566012,0.08539758163931038
138,,,0.09374340112209262,2760.0,7.835483700198734,0.07992368949818895,2760.0,8.397229184517775,0.08244183143233412,2760.0,8.183903656839812,0.10586627328225154,,,0.10144903730015868,2760.0,7.595051419532609,0.10045900817638351,,,0.08692152425352648,2760.0,10.2146048701759,0.05812979468050223,2760.0,8.128654791320658,0.07345163474497025,2760.0,7.265562016882475,0.057438534141338884
139,,,0.11694443381568324,2780.0,7.511515365925507,0.09921469969022775,2780.0,7.369396223391229,0.09025800126062018,2780.0,7.544414699628839,0.10092743084754797,,,0.11742007522610647,2780.0,7.301967031249288,0.1025917320996763,,,0.11794994759169966,2780.0,10.248772040347943,0.07142202914968113,2780.0,7.553748657033144,0.09162872322793263,2780.0,8.301890603492154,0.0847860337157858
140,,,0.1159576466074661,2800.0,8.500526201128967,0.10488166773744215,2800.0,8.042314745323925,0.10408900534792202,2800.0,7.841035156872421,0.10456401299604301,,,,2800.0,4.930141246230205,0.11368734204418861,,,0.11631857317768701,2800.0,9.596193423265298,0.07140805547745722,2800.0,7.077648301276943,0.07980096816725821,2800.0,7.120476842083036,0.10603092401429667
141,,,0.11550173842481917,2820.0,7.841166676489472,0.10204833516629953,2820.0,7.655921832436777,0.10737388880090801,2820.0,7.2609958700303965,0.111605033854884,,,,2820.0,4.879639873427115,0.11323129348428523,,,,2820.0,9.635259983447662,0.07028028318541908,2820.0,7.80037006233547,0.08480218309473139,2820.0,7.700308167495713,0.10403746186707924
142,,,,2840.0,7.181014021724093,0.09747787326588792,2840.0,7.2937018018628015,0.10209315999934238,2840.0,5.604380031972185,0.11297866920143677,,,,2840.0,4.941278342356516,0.11296369634682976,,,,2840.0,9.269573064216544,0.06714672333025246,2840.0,8.06410758887455,0.09530579355318307,2840.0,7.069307652108866,0.09824691015571131
143,,,,2860.0,7.654640528738423,0.11212518887517897,2860.0,7.799422872898975,0.10823205441041454,2860.0,6.035203550085012,0.1143673344317211,,,,,,0.11111137470108386,,,,2860.0,9.069002402296313,0.0706725865356383,2860.0,7.094485801653114,0.0926856287347194,2860.0,5.073320851213771,0.11387080013085328
144,,,,2880.0,6.0624723795911075,0.11531577925884284,2880.0,6.323986195313728,0.11576894910576604,,,0.10064505633984036,,,,,,,,,,2880.0,8.870992154870379,0.0856482530057099,2880.0,7.616914892735259,0.10921361489427862,2880.0,5.169912845888916,0.11347901744107577
145,,,,2900.0,6.61928494488405,0.1149117672142418,2900.0,6.899007094350325,0.11515110388894842,,,0.11703253091974523,,,,,,,,,,2900.0,9.270886979856314,0.08945552125087528,2900.0,6.350755216264633,0.1041720472429277,2900.0,5.495200266524606,0.11355211138793433
146,,,,,,0.10763413683899133,,,0.11274106175858242,,,,,,,,,,,,,2920.0,8.088923513949863,0.0790410186387712,2920.0,6.7167650931203475,0.1155503231031406,,,0.1155558463622877
147,,,,,,0.11662399077903618,,,0.116393003344671,,,,,,,,,,,,,2940.0,8.813975626319689,0.08420272285514034,,,0.09620603752094548,,,
148,,,,,,,,,,,,,,,,,,,,,,2960.0,6.758597665175744,0.0698894896532857,,,0.11709587777366053,,,
149,,,,,,,,,,,,,,,,,,,,,,2980.0,7.353788671833533,0.053202818439297396,,,0.11600485139932674,,,
150,,,,,,,,,,,,,,,,,,,,,,3000.0,6.354559844870315,0.05970154390373088,,,,,,
151,,,,,,,,,,,,,,,,,,,,,,3020.0,7.227694845632268,0.0741165685971194,,,,,,
152,,,,,,,,,,,,,,,,,,,,,,3040.0,8.178715174846984,0.10236386643296487,,,,,,
153,,,,,,,,,,,,,,,,,,,,,,3060.0,7.0870523986658185,0.10334510418024041,,,,,,
154,,,,,,,,,,,,,,,,,,,,,,3080.0,7.417723019821151,0.1187674819676104,,,,,,
155,,,,,,,,,,,,,,,,,,,,,,3100.0,5.6945362467075675,0.11451853692495828,,,,,,
156,,,,,,,,,,,,,,,,,,,,,,3120.0,6.190826755618133,0.1144809520213391,,,,,,
157,,,,,,,,,,,,,,,,,,,,,,,,0.10767302488344535,,,,,,
158,,,,,,,,,,,,,,,,,,,,,,,,0.11673463544351759,,,,,,
